<?xml version="1.0" encoding="UTF-8"?>
<beans xmlns="http://www.springframework.org/schema/beans"
	xmlns:xsi="http://www.w3.org/2001/XMLSchema-instance"
	xmlns:context="http://www.springframework.org/schema/context"
	xsi:schemaLocation="http://www.springframework.org/schema/beans http://www.springframework.org/schema/beans/spring-beans.xsd
		http://www.springframework.org/schema/context http://www.springframework.org/schema/context/spring-context-4.3.xsd">
	
	
	<!-- 开发环境 -->
	<beans profile="dev">
		<bean id="propertyConfigurer" class="org.springframework.beans.factory.config.PropertyPlaceholderConfigurer">
		    <property name="locations">
		    	<array>
		    		<value>classpath:config/dev.db.properties</value>
		    		<value>classpath:config/dev.config.properties</value>
		    	</array>
		    </property>
		    <property name="ignoreUnresolvablePlaceholders" value="true"></property>
		    <property name="nullValue" value="@null" />
		</bean>
	</beans>
	
	<!-- 生产测试环境 -->
	<beans profile="rd">
		<bean id="propertyConfigurer" class="org.springframework.beans.factory.config.PropertyPlaceholderConfigurer">
		    <property name="locations">
		    	<array>
		    		<value>classpath:config/rd.db.properties</value>
		    		<value>classpath:config/rd.config.properties</value>
		    	</array>
		    </property>
		    <property name="ignoreUnresolvablePlaceholders" value="true" />
		    <property name="nullValue" value="@null" />
		    <property name="order" value="100" />
		</bean>
		
		<bean id="filePropertyConfigurer" class="org.springframework.beans.factory.config.PropertyPlaceholderConfigurer">
		    <property name="locations">
		    	<array>
		    		<value>file:///home/tomcat8/carloandata/config/rd.db.properties</value>
		    		<value>file:///home/tomcat8/carloandata/config/rd.config.properties</value>
		    	</array>
		    </property>
		    <property name="ignoreUnresolvablePlaceholders" value="true" />
		    <property name="nullValue" value="@null" />
		    <property name="order" value="10" />
		</bean>
	</beans>
	
	<!-- 生产环境 -->
	<beans profile="prod">
		<bean id="propertyConfigurer" class="org.springframework.beans.factory.config.PropertyPlaceholderConfigurer">
		    <property name="locations">
		    	<array>
		    		<value>classpath:config/prod.db.properties</value>
		    		<value>classpath:config/prod.config.properties</value>
		    	</array>
		    </property>
		    <property name="ignoreUnresolvablePlaceholders" value="true"></property>
		    <property name="nullValue" value="@null" />
		    <property name="order" value="100" />
		</bean>
		
		<bean id="filePropertyConfigurer" class="org.springframework.beans.factory.config.PropertyPlaceholderConfigurer">
		    <property name="locations">
		    	<array>
		    		<value>file:///home/tomcat8/carloandata/config/prod.db.properties</value>
		    		<value>file:///home/tomcat8/carloandata/config/prod.config.properties</value>
		    	</array>
		    </property>
		    <property name="ignoreUnresolvablePlaceholders" value="true"></property>
		    <property name="nullValue" value="@null" />
		    <property name="order" value="10" />
		</bean>
	</beans>
	
	
</beans>
