<?xml version="1.0" encoding="UTF-8"?>
<beans xmlns="http://www.springframework.org/schema/beans"
	xmlns:xsi="http://www.w3.org/2001/XMLSchema-instance" 
	xmlns:p="http://www.springframework.org/schema/p"
	xmlns:cache="http://www.springframework.org/schema/cache"
	xsi:schemaLocation="http://www.springframework.org/schema/beans 
	http://www.springframework.org/schema/beans/spring-beans.xsd
	http://www.springframework.org/schema/cache 
	http://www.springframework.org/schema/cache/spring-cache.xsd">
	
	<!-- 启用缓存注解功能,这个是必须的,否则注解不会生效,另外,注解一定要声明在spring主配置文件??中才会生效 -->
	<cache:annotation-driven cache-manager="cacheManager"/>
	
	<!-- 定义spring自己的缓存管理器,此处定义了两个缓存位置名称,即注解中的value -->
	<!-- <bean id="cacheManager" class="org.springframework.cache.support.SimpleCacheManager">
		<property name="caches">
			<set>
				<bean class="org.springframework.cache.concurrent.ConcurrentMapCacheFactoryBean" p:name="default"       /> 
				<bean class="org.springframework.cache.concurrent.ConcurrentMapCacheFactoryBean" p:name="userCache"     />
			</set>
		</property>
	</bean> -->
    
    <!-- Ehcache缓存管理器 -->
    <bean id="cacheManager" class="org.springframework.cache.ehcache.EhCacheCacheManager">  
        <property name="cacheManager" ref="ehcache" />  
    </bean>  

    <bean id="ehcache" class="org.springframework.cache.ehcache.EhCacheManagerFactoryBean">  
        <property name="configLocation" value="classpath:spring/ehcache.xml" />  
    </bean>

    
</beans>
