<?xml version="1.0" encoding="UTF-8" ?>     
<!DOCTYPE log4j:configuration SYSTEM "log4j.dtd">
<log4j:configuration xmlns:log4j="http://jakarta.apache.org/log4j/">
	
	<appender name="console" class="org.apache.log4j.ConsoleAppender">
		<param name="target" value="System.out"/>
		<layout class="org.apache.log4j.PatternLayout">
			<param name="conversionPattern" value="%d %-5p [%X{ip} - %X{usercode}] %c(%M/%L)- %m%n"/>
		</layout>
		<filter class="org.apache.log4j.varia.LevelRangeFilter">
			<param name="LevelMin" value="DEBUG"/>
		</filter>
	</appender>
	
	<appender name="syslogfile" class="org.apache.log4j.DailyRollingFileAppender">
		<param name="file" value="logs/sys.log"/>
		<param name="datePattern" value="'.'yyyyMMdd'.log'" />
		<layout class="org.apache.log4j.PatternLayout">
			<param name="conversionPattern" value="%d %-5p [%X{ip} - %X{usercode}] %c(%M/%L)- %m%n"/>
		</layout>
		<filter class="org.apache.log4j.varia.LevelRangeFilter">
			<param name="LevelMin" value="DEBUG"/>
		</filter>
	</appender>
	
	<appender name="sqllogfile" class="org.apache.log4j.RollingFileAppender">
		<param name="file" value="logs/sql.log"/>
		<param name="maxBackupIndex" value="10"/>
		<param name="maxFileSize" value="100MB" />
		<layout class="org.apache.log4j.PatternLayout">
			<param name="conversionPattern" value="%d %-5p [%X{ip} - %X{usercode}] %c(%M/%L)- %m%n"/>
		</layout>
		<filter class="org.apache.log4j.varia.LevelRangeFilter">
			<param name="LevelMin" value="INFO"/>
		</filter>
	</appender>
	
	<category name="org.mybatis">
		<level value="INFO" />
	</category>
	<category name="org.springframework">
		<level value="INFO" />
	</category>
	<category name="org.apache">
		<level value="INFO" />
	</category>
	<category name="org.activiti">
		<level value="INFO" />
	</category>
	<category name="com.alibaba">
		<level value="INFO" />
	</category>
	
	<category name="com.picc" additivity="true">
		<appender-ref ref="syslogfile" />
	</category>
	
	<category name="com.picc.umapi.mapper" additivity="true">
		<level value="DEBUG" />
		<appender-ref ref="sqllogfile"/>
	</category>
	<category name="com.picc.piccunicom.mapper" additivity="true">
		<level value="DEBUG" />
		<appender-ref ref="sqllogfile"/>
	</category>
	
	<root>
		<level value="DEBUG" />
		<appender-ref ref="console" />
	</root>

</log4j:configuration>