<?xml version="1.0" encoding="UTF-8"?>
<beans xmlns="http://www.springframework.org/schema/beans"
	xmlns:xsi="http://www.w3.org/2001/XMLSchema-instance"
	xmlns:context="http://www.springframework.org/schema/context"
	xmlns:mvc="http://www.springframework.org/schema/mvc"
	xsi:schemaLocation="http://www.springframework.org/schema/mvc http://www.springframework.org/schema/mvc/spring-mvc-4.3.xsd
		http://www.springframework.org/schema/beans http://www.springframework.org/schema/beans/spring-beans.xsd
		http://www.springframework.org/schema/context http://www.springframework.org/schema/context/spring-context-4.3.xsd">
	
	<import resource="spring/spring-profile.xml"/>
	
	<mvc:default-servlet-handler/>
	
	<mvc:resources mapping="/webjars/**" location="classpath:/META-INF/resources/webjars/" />
	
	<context:component-scan base-package="com.picc.piccunicom.controller,com.picc.piccunicom.aop">
		<context:include-filter type="annotation" expression="org.springframework.stereotype.Controller"/>
	</context:component-scan>
	<import resource="spring/spring-aop.xml"/>
	<mvc:annotation-driven>
		
		<mvc:message-converters>
			<bean class="org.springframework.http.converter.StringHttpMessageConverter" />
			<bean class="com.alibaba.fastjson.support.spring.FastJsonHttpMessageConverter">
				 <property name="supportedMediaTypes">
                    <list>
                        <value>application/json;charset=UTF-8</value>
                        <value>text/html;charset=UTF-8</value>
                    </list>
                </property>
                <property name="fastJsonConfig">
	                <bean class="com.alibaba.fastjson.support.config.FastJsonConfig">
						<property name="dateFormat" value="yyyy-MM-dd HH:mm:ss" />
						<property name="serializerFeatures">
							<array>
								<value>WriteMapNullValue</value>
								<value>QuoteFieldNames</value>
							</array>
						</property>
						<!-- 手机号码/身份证号码打码 -->
						<property name="serializeFilters">
							<array>
								<bean class="com.picc.common.json.FastJsonMaskValueFilter">
									<property name="maskFilters">
							   			<list>
							   				<bean class="com.picc.common.json.PhoneMaskFilter" />
							   				<bean class="com.picc.common.json.IdentifyMaskFilter" />
							   				<bean class="com.picc.common.json.MuilPhoneMaskFilter" />
							   			</list>
							   		</property>
								</bean>
							</array>
						</property>
					</bean>
                </property>
			</bean>
		</mvc:message-converters>
	</mvc:annotation-driven>

	<!-- SpringMVC上传文件时，需要配置MultipartResolver处理器 -->
	 <bean id="multipartResolver"
		 class="org.springframework.web.multipart.commons.CommonsMultipartResolver">
		 <property name="defaultEncoding" value="UTF-8" />
		 <!-- 指定所上传文件的总大小不能超过200KB。注意maxUploadSize属性的限制不是针对单个文件，而是所有文件的容量之和 -->
		 <property name="maxUploadSize" value="102400000" />
	 </bean>
	<beans profile="dev">
		<bean class="com.picc.piccunicom.config.SwaggerConfiguration"></bean>
		<mvc:resources location="classpath:/META-INF/resources/swagger-ui.html" mapping="/swagger-ui.html" />
		<mvc:resources location="classpath:/META-INF/resources/docs.html" mapping="/docs.html" />
	</beans>
</beans>
