<?xml version="1.0" encoding="UTF-8"?>
<!DOCTYPE mapper PUBLIC "-//mybatis.org//DTD Mapper 3.0//EN" "http://mybatis.org/dtd/mybatis-3-mapper.dtd">
<mapper namespace="com.picc.piccunicom.mapper.base.AreaBaseMapper">
  <resultMap id="BaseResultMap" type="com.picc.piccunicom.model.Area">
    <!--
      WARNING - @mbg.generated
      This element is automatically generated by MyBatis Generator, do not modify.
    -->
    <id column="id" jdbcType="INTEGER" property="id" />
    <result column="level" jdbcType="TINYINT" property="level" />
    <result column="pid" jdbcType="INTEGER" property="pid" />
    <result column="name" jdbcType="VARCHAR" property="name" />
    <result column="validStatus" jdbcType="TINYINT" property="validStatus" />
  </resultMap>
  <sql id="Base_Column_List">
    <!--
      WARNING - @mbg.generated
      This element is automatically generated by MyBatis Generator, do not modify.
    -->
    id, level, pid, name, validStatus
  </sql>
  <select id="selectByPrimaryKey" parameterType="java.lang.Integer" resultMap="BaseResultMap">
    <!--
      WARNING - @mbg.generated
      This element is automatically generated by MyBatis Generator, do not modify.
    -->
    select 
    <include refid="Base_Column_List" />
    from it_unicom_city
    where id = #{id,jdbcType=INTEGER}
  </select>
  <insert id="insert" parameterType="com.picc.piccunicom.model.Area">
    <!--
      WARNING - @mbg.generated
      This element is automatically generated by MyBatis Generator, do not modify.
    -->
    insert into it_unicom_city (id, level, pid, 
      name, validStatus)
    values (#{id,jdbcType=INTEGER}, #{level,jdbcType=TINYINT}, #{pid,jdbcType=INTEGER}, 
      #{name,jdbcType=VARCHAR}, #{validStatus,jdbcType=TINYINT})
  </insert>
  <insert id="insertSelective" parameterType="com.picc.piccunicom.model.Area">
    <!--
      WARNING - @mbg.generated
      This element is automatically generated by MyBatis Generator, do not modify.
    -->
    insert into it_unicom_city
    <trim prefix="(" suffix=")" suffixOverrides=",">
      <if test="id != null">
        id,
      </if>
      <if test="level != null">
        level,
      </if>
      <if test="pid != null">
        pid,
      </if>
      <if test="name != null">
        name,
      </if>
      <if test="validStatus != null">
        validStatus,
      </if>
    </trim>
    <trim prefix="values (" suffix=")" suffixOverrides=",">
      <if test="id != null">
        #{id,jdbcType=INTEGER},
      </if>
      <if test="level != null">
        #{level,jdbcType=TINYINT},
      </if>
      <if test="pid != null">
        #{pid,jdbcType=INTEGER},
      </if>
      <if test="name != null">
        #{name,jdbcType=VARCHAR},
      </if>
      <if test="validStatus != null">
        #{validStatus,jdbcType=TINYINT},
      </if>
    </trim>
  </insert>
  <update id="updateByPrimaryKeySelective" parameterType="com.picc.piccunicom.model.Area">
    <!--
      WARNING - @mbg.generated
      This element is automatically generated by MyBatis Generator, do not modify.
    -->
    update it_unicom_city
    <set>
      <if test="level != null">
        level = #{level,jdbcType=TINYINT},
      </if>
      <if test="pid != null">
        pid = #{pid,jdbcType=INTEGER},
      </if>
      <if test="name != null">
        name = #{name,jdbcType=VARCHAR},
      </if>
      <if test="validStatus != null">
        validStatus = #{validStatus,jdbcType=TINYINT},
      </if>
    </set>
    where id = #{id,jdbcType=INTEGER}
  </update>
  <update id="updateByPrimaryKey" parameterType="com.picc.piccunicom.model.Area">
    <!--
      WARNING - @mbg.generated
      This element is automatically generated by MyBatis Generator, do not modify.
    -->
    update it_unicom_city
    set level = #{level,jdbcType=TINYINT},
      pid = #{pid,jdbcType=INTEGER},
      name = #{name,jdbcType=VARCHAR},
      validStatus = #{validStatus,jdbcType=TINYINT}
    where id = #{id,jdbcType=INTEGER}
  </update>
  
  <!-- *************************************************************************************** -->
  
  <resultMap type="com.picc.piccunicom.model.Province" id="ProvinceResultMap">
        <result column="provinceCode" property="provinceCode" />
        <result column="provinceName" property="provinceName" />
        <collection property="cities" ofType="com.picc.piccunicom.model.City">
            <result column="cityCode" property="cityCode" />
            <result column="cityName" property="cityName" />
        </collection>
  </resultMap>
  
  <select id="getProvinces" resultMap="ProvinceResultMap">
    SELECT p.id provinceCode, p.name provinceName, c.id cityCode, c.name cityName
    FROM it_unicom_city p LEFT JOIN it_unicom_city c ON p.id = c.pid
    WHERE p.level = 1 order by p.id, c.id;
  </select>
  
</mapper>