<?xml version="1.0" encoding="UTF-8"?>
<!DOCTYPE mapper PUBLIC "-//mybatis.org//DTD Mapper 3.0//EN" "http://mybatis.org/dtd/mybatis-3-mapper.dtd">
<mapper namespace="com.picc.piccunicom.mapper.base.ClaimRecordBaseMapper">
  <resultMap id="BaseResultMap" type="com.picc.piccunicom.model.ClaimRecord">
    <!--
      WARNING - @mbg.generated
      This element is automatically generated by MyBatis Generator, do not modify.
    -->
    <id column="id" jdbcType="INTEGER" property="id" />
    <result column="orderID" jdbcType="INTEGER" property="orderID" />
    <result column="auditTime" jdbcType="TIMESTAMP" property="auditTime" />
    <result column="claimStatus" jdbcType="TINYINT" property="claimStatus" />
    <result column="reason" jdbcType="VARCHAR" property="reason" />
    <result column="applyTime" jdbcType="TIMESTAMP" property="applyTime" />
    <result column="validStatus" jdbcType="TINYINT" property="validStatus" />
    <result column="creatorCode" jdbcType="VARCHAR" property="creatorCode" />
    <result column="insertTimeForHis" jdbcType="TIMESTAMP" property="insertTimeForHis" />
    <result column="updaterCode" jdbcType="VARCHAR" property="updaterCode" />
    <result column="updateTimeForHis" jdbcType="TIMESTAMP" property="updateTimeForHis" />
  </resultMap>
  <sql id="Base_Column_List">
    <!--
      WARNING - @mbg.generated
      This element is automatically generated by MyBatis Generator, do not modify.
    -->
    id, orderID, auditTime, claimStatus, reason, applyTime, validStatus, creatorCode, 
    insertTimeForHis, updaterCode, updateTimeForHis
  </sql>
  <select id="selectByPrimaryKey" parameterType="java.lang.Integer" resultMap="BaseResultMap">
    <!--
      WARNING - @mbg.generated
      This element is automatically generated by MyBatis Generator, do not modify.
    -->
    select 
    <include refid="Base_Column_List" />
    from it_unicom_claim_record
    where id = #{id,jdbcType=INTEGER}
  </select>
  <insert id="insert" parameterType="com.picc.piccunicom.model.ClaimRecord">
    <!--
      WARNING - @mbg.generated
      This element is automatically generated by MyBatis Generator, do not modify.
    -->
    insert into it_unicom_claim_record (id, orderID, auditTime, 
      claimStatus, reason, applyTime, 
      validStatus, creatorCode, insertTimeForHis, 
      updaterCode, updateTimeForHis
      )
    values (#{id,jdbcType=INTEGER}, #{orderID,jdbcType=INTEGER}, #{auditTime,jdbcType=TIMESTAMP}, 
      #{claimStatus,jdbcType=TINYINT}, #{reason,jdbcType=VARCHAR}, #{applyTime,jdbcType=TIMESTAMP}, 
      #{validStatus,jdbcType=TINYINT}, #{creatorCode,jdbcType=VARCHAR}, #{insertTimeForHis,jdbcType=TIMESTAMP}, 
      #{updaterCode,jdbcType=VARCHAR}, #{updateTimeForHis,jdbcType=TIMESTAMP}
      )
  </insert>
  <insert id="insertSelective" parameterType="com.picc.piccunicom.model.ClaimRecord">
    <!--
      WARNING - @mbg.generated
      This element is automatically generated by MyBatis Generator, do not modify.
    -->
    insert into it_unicom_claim_record
    <trim prefix="(" suffix=")" suffixOverrides=",">
      <if test="id != null">
        id,
      </if>
      <if test="orderID != null">
        orderID,
      </if>
      <if test="auditTime != null">
        auditTime,
      </if>
      <if test="claimStatus != null">
        claimStatus,
      </if>
      <if test="reason != null">
        reason,
      </if>
      <if test="applyTime != null">
        applyTime,
      </if>
      <if test="validStatus != null">
        validStatus,
      </if>
      <if test="creatorCode != null">
        creatorCode,
      </if>
      <if test="insertTimeForHis != null">
        insertTimeForHis,
      </if>
      <if test="updaterCode != null">
        updaterCode,
      </if>
      <if test="updateTimeForHis != null">
        updateTimeForHis,
      </if>
    </trim>
    <trim prefix="values (" suffix=")" suffixOverrides=",">
      <if test="id != null">
        #{id,jdbcType=INTEGER},
      </if>
      <if test="orderID != null">
        #{orderID,jdbcType=INTEGER},
      </if>
      <if test="auditTime != null">
        #{auditTime,jdbcType=TIMESTAMP},
      </if>
      <if test="claimStatus != null">
        #{claimStatus,jdbcType=TINYINT},
      </if>
      <if test="reason != null">
        #{reason,jdbcType=VARCHAR},
      </if>
      <if test="applyTime != null">
        #{applyTime,jdbcType=TIMESTAMP},
      </if>
      <if test="validStatus != null">
        #{validStatus,jdbcType=TINYINT},
      </if>
      <if test="creatorCode != null">
        #{creatorCode,jdbcType=VARCHAR},
      </if>
      <if test="insertTimeForHis != null">
        #{insertTimeForHis,jdbcType=TIMESTAMP},
      </if>
      <if test="updaterCode != null">
        #{updaterCode,jdbcType=VARCHAR},
      </if>
      <if test="updateTimeForHis != null">
        #{updateTimeForHis,jdbcType=TIMESTAMP},
      </if>
    </trim>
  </insert>
  <update id="updateByPrimaryKeySelective" parameterType="com.picc.piccunicom.model.ClaimRecord">
    <!--
      WARNING - @mbg.generated
      This element is automatically generated by MyBatis Generator, do not modify.
    -->
    update it_unicom_claim_record
    <set>
      <if test="orderID != null">
        orderID = #{orderID,jdbcType=INTEGER},
      </if>
      <if test="auditTime != null">
        auditTime = #{auditTime,jdbcType=TIMESTAMP},
      </if>
      <if test="claimStatus != null">
        claimStatus = #{claimStatus,jdbcType=TINYINT},
      </if>
      <if test="reason != null">
        reason = #{reason,jdbcType=VARCHAR},
      </if>
      <if test="applyTime != null">
        applyTime = #{applyTime,jdbcType=TIMESTAMP},
      </if>
      <if test="validStatus != null">
        validStatus = #{validStatus,jdbcType=TINYINT},
      </if>
      <if test="creatorCode != null">
        creatorCode = #{creatorCode,jdbcType=VARCHAR},
      </if>
      <if test="insertTimeForHis != null">
        insertTimeForHis = #{insertTimeForHis,jdbcType=TIMESTAMP},
      </if>
      <if test="updaterCode != null">
        updaterCode = #{updaterCode,jdbcType=VARCHAR},
      </if>
      <if test="updateTimeForHis != null">
        updateTimeForHis = #{updateTimeForHis,jdbcType=TIMESTAMP},
      </if>
    </set>
    where id = #{id,jdbcType=INTEGER}
  </update>
  <update id="updateByPrimaryKey" parameterType="com.picc.piccunicom.model.ClaimRecord">
    <!--
      WARNING - @mbg.generated
      This element is automatically generated by MyBatis Generator, do not modify.
    -->
    update it_unicom_claim_record
    set orderID = #{orderID,jdbcType=INTEGER},
      auditTime = #{auditTime,jdbcType=TIMESTAMP},
      claimStatus = #{claimStatus,jdbcType=TINYINT},
      reason = #{reason,jdbcType=VARCHAR},
      applyTime = #{applyTime,jdbcType=TIMESTAMP},
      validStatus = #{validStatus,jdbcType=TINYINT},
      creatorCode = #{creatorCode,jdbcType=VARCHAR},
      insertTimeForHis = #{insertTimeForHis,jdbcType=TIMESTAMP},
      updaterCode = #{updaterCode,jdbcType=VARCHAR},
      updateTimeForHis = #{updateTimeForHis,jdbcType=TIMESTAMP}
    where id = #{id,jdbcType=INTEGER}
  </update>
</mapper>