<?xml version="1.0" encoding="UTF-8"?>
<!DOCTYPE mapper PUBLIC "-//mybatis.org//DTD Mapper 3.0//EN" "http://mybatis.org/dtd/mybatis-3-mapper.dtd">
<mapper namespace="com.picc.piccunicom.mapper.base.ClaimInfoBaseMapper">
  <resultMap id="BaseResultMap" type="com.picc.piccunicom.model.ClaimInfo">
    <!--
      WARNING - @mbg.generated
      This element is automatically generated by MyBatis Generator, do not modify.
    -->
    <id column="orderID" jdbcType="VARCHAR" property="orderID" />
    <result column="claimType" jdbcType="TINYINT" property="claimType" />
    <result column="applyName" jdbcType="VARCHAR" property="applyName" />
    <result column="phone" jdbcType="VARCHAR" property="phone" />
    <result column="comName" jdbcType="VARCHAR" property="comName" />
    <result column="description" jdbcType="VARCHAR" property="description" />
    <result column="validStatus" jdbcType="TINYINT" property="validStatus" />
    <result column="creatorCode" jdbcType="VARCHAR" property="creatorCode" />
    <result column="insertTimeForHis" jdbcType="TIMESTAMP" property="insertTimeForHis" />
    <result column="updaterCode" jdbcType="VARCHAR" property="updaterCode" />
    <result column="updateTimeForHis" jdbcType="TIMESTAMP" property="updateTimeForHis" />
  </resultMap>
  <sql id="Base_Column_List">
    <!--
      WARNING - @mbg.generated
      This element is automatically generated by MyBatis Generator, do not modify.
    -->
    orderID, claimType, applyName, phone, comName, description, validStatus, creatorCode, 
    insertTimeForHis, updaterCode, updateTimeForHis
  </sql>
  <select id="selectByPrimaryKey" parameterType="java.lang.String" resultMap="BaseResultMap">
    <!--
      WARNING - @mbg.generated
      This element is automatically generated by MyBatis Generator, do not modify.
    -->
    select 
    <include refid="Base_Column_List" />
    from it_unicom_claim_info
    where orderID = #{orderID,jdbcType=VARCHAR}
  </select>
  <insert id="insert" parameterType="com.picc.piccunicom.model.ClaimInfo">
    <!--
      WARNING - @mbg.generated
      This element is automatically generated by MyBatis Generator, do not modify.
    -->
    insert into it_unicom_claim_info (orderID, claimType, applyName, 
      phone, comName, description, 
      validStatus, creatorCode, insertTimeForHis, 
      updaterCode, updateTimeForHis
      )
    values (#{orderID,jdbcType=VARCHAR}, #{claimType,jdbcType=TINYINT}, #{applyName,jdbcType=VARCHAR},
      #{phone,jdbcType=VARCHAR}, #{comName,jdbcType=VARCHAR}, #{description,jdbcType=VARCHAR}, 
      #{validStatus,jdbcType=TINYINT}, #{creatorCode,jdbcType=VARCHAR}, #{insertTimeForHis,jdbcType=TIMESTAMP}, 
      #{updaterCode,jdbcType=VARCHAR}, #{updateTimeForHis,jdbcType=TIMESTAMP}
      )
  </insert>
  <insert id="insertSelective" parameterType="com.picc.piccunicom.model.ClaimInfo">
    <!--
      WARNING - @mbg.generated
      This element is automatically generated by MyBatis Generator, do not modify.
    -->
    insert into it_unicom_claim_info
    <trim prefix="(" suffix=")" suffixOverrides=",">
      <if test="orderID != null">
        orderID,
      </if>
      <if test="claimType != null">
        claimType,
      </if>
      <if test="applyName != null">
        applyName,
      </if>
      <if test="phone != null">
        phone,
      </if>
      <if test="comName != null">
        comName,
      </if>
      <if test="description != null">
        description,
      </if>
      <if test="validStatus != null">
        validStatus,
      </if>
      <if test="creatorCode != null">
        creatorCode,
      </if>
      <if test="insertTimeForHis != null">
        insertTimeForHis,
      </if>
      <if test="updaterCode != null">
        updaterCode,
      </if>
      <if test="updateTimeForHis != null">
        updateTimeForHis,
      </if>
    </trim>
    <trim prefix="values (" suffix=")" suffixOverrides=",">
      <if test="orderID != null">
        #{orderID,jdbcType=VARCHAR},
      </if>
      <if test="claimType != null">
        #{claimType,jdbcType=TINYINT},
      </if>
      <if test="applyName != null">
        #{applyName,jdbcType=VARCHAR},
      </if>
      <if test="phone != null">
        #{phone,jdbcType=VARCHAR},
      </if>
      <if test="comName != null">
        #{comName,jdbcType=VARCHAR},
      </if>
      <if test="description != null">
        #{description,jdbcType=VARCHAR},
      </if>
      <if test="validStatus != null">
        #{validStatus,jdbcType=TINYINT},
      </if>
      <if test="creatorCode != null">
        #{creatorCode,jdbcType=VARCHAR},
      </if>
      <if test="insertTimeForHis != null">
        #{insertTimeForHis,jdbcType=TIMESTAMP},
      </if>
      <if test="updaterCode != null">
        #{updaterCode,jdbcType=VARCHAR},
      </if>
      <if test="updateTimeForHis != null">
        #{updateTimeForHis,jdbcType=TIMESTAMP},
      </if>
    </trim>
  </insert>
  <update id="updateByPrimaryKeySelective" parameterType="com.picc.piccunicom.model.ClaimInfo">
    <!--
      WARNING - @mbg.generated
      This element is automatically generated by MyBatis Generator, do not modify.
    -->
    update it_unicom_claim_info
    <set>
      <if test="claimType != null">
        claimType = #{claimType,jdbcType=TINYINT},
      </if>
      <if test="applyName != null">
        applyName = #{applyName,jdbcType=VARCHAR},
      </if>
      <if test="phone != null">
        phone = #{phone,jdbcType=VARCHAR},
      </if>
      <if test="comName != null">
        comName = #{comName,jdbcType=VARCHAR},
      </if>
      <if test="description != null">
        description = #{description,jdbcType=VARCHAR},
      </if>
      <if test="validStatus != null">
        validStatus = #{validStatus,jdbcType=TINYINT},
      </if>
      <if test="creatorCode != null">
        creatorCode = #{creatorCode,jdbcType=VARCHAR},
      </if>
      <if test="insertTimeForHis != null">
        insertTimeForHis = #{insertTimeForHis,jdbcType=TIMESTAMP},
      </if>
      <if test="updaterCode != null">
        updaterCode = #{updaterCode,jdbcType=VARCHAR},
      </if>
      <if test="updateTimeForHis != null">
        updateTimeForHis = #{updateTimeForHis,jdbcType=TIMESTAMP},
      </if>
    </set>
    where orderID = #{orderID,jdbcType=VARCHAR}
  </update>
  <update id="updateByPrimaryKey" parameterType="com.picc.piccunicom.model.ClaimInfo">
    <!--
      WARNING - @mbg.generated
      This element is automatically generated by MyBatis Generator, do not modify.
    -->
    update it_unicom_claim_info
    set claimType = #{claimType,jdbcType=TINYINT},
      applyName = #{applyName,jdbcType=VARCHAR},
      phone = #{phone,jdbcType=VARCHAR},
      comName = #{comName,jdbcType=VARCHAR},
      description = #{description,jdbcType=VARCHAR},
      validStatus = #{validStatus,jdbcType=TINYINT},
      creatorCode = #{creatorCode,jdbcType=VARCHAR},
      insertTimeForHis = #{insertTimeForHis,jdbcType=TIMESTAMP},
      updaterCode = #{updaterCode,jdbcType=VARCHAR},
      updateTimeForHis = #{updateTimeForHis,jdbcType=TIMESTAMP}
    where orderID = #{orderID,jdbcType=VARCHAR}
  </update>
</mapper>