<?xml version="1.0" encoding="UTF-8"?>
<!DOCTYPE mapper PUBLIC "-//mybatis.org//DTD Mapper 3.0//EN" "http://mybatis.org/dtd/mybatis-3-mapper.dtd">
<mapper namespace="com.picc.piccunicom.mapper.base.CompanyInfoBaseMapper">
  <resultMap id="BaseResultMap" type="com.picc.piccunicom.model.CompanyInfo">
    <!--
      WARNING - @mbg.generated
      This element is automatically generated by MyBatis Generator, do not modify.
    -->
    <id column="comID" jdbcType="VARCHAR" property="comID" />
    <result column="comName" jdbcType="VARCHAR" property="comName" />
    <result column="password" jdbcType="VARCHAR" property="password" />
    <result column="creditCode" jdbcType="VARCHAR" property="creditCode" />
    <result column="comTypeCode" jdbcType="TINYINT" property="comTypeCode" />
    <result column="provinceCode" jdbcType="INTEGER" property="provinceCode" />
    <result column="cityCode" jdbcType="INTEGER" property="cityCode" />
    <result column="address" jdbcType="VARCHAR" property="address" />
    <result column="linkManName" jdbcType="VARCHAR" property="linkManName" />
    <result column="linkManPost" jdbcType="VARCHAR" property="linkManPost" />
    <result column="linkManPhone" jdbcType="VARCHAR" property="linkManPhone" />
    <result column="creditLimit" jdbcType="DECIMAL" property="creditLimit" />
    <result column="creditEndDate" jdbcType="TIMESTAMP" property="creditEndDate" />
    <result column="netInFlag" jdbcType="BIT" property="netInFlag" />
    <result column="remark" jdbcType="VARCHAR" property="remark" />
    <result column="lincenceURL" jdbcType="VARCHAR" property="lincenceURL" />
    <result column="validStatus" jdbcType="TINYINT" property="validStatus" />
    <result column="creatorCode" jdbcType="VARCHAR" property="creatorCode" />
    <result column="insertTimeForHis" jdbcType="TIMESTAMP" property="insertTimeForHis" />
    <result column="updaterCode" jdbcType="VARCHAR" property="updaterCode" />
    <result column="updateTimeForHis" jdbcType="TIMESTAMP" property="updateTimeForHis" />
  </resultMap>
  <sql id="Base_Column_List">
    <!--
      WARNING - @mbg.generated
      This element is automatically generated by MyBatis Generator, do not modify.
    -->
    comID, comName, password, creditCode, comtypeCode, provinceCode, cityCode, address, 
    linkManName, linkManPost, linkManPhone, creditLimit, creditEndDate, netInFlag, remark, 
    lincenceURL, validStatus, creatorCode, insertTimeForHis, updaterCode, updateTimeForHis
  </sql>
  <select id="selectByPrimaryKey" parameterType="java.lang.String" resultMap="BaseResultMap">
    <!--
      WARNING - @mbg.generated
      This element is automatically generated by MyBatis Generator, do not modify.
    -->
    select 
    <include refid="Base_Column_List" />
    from it_unicom_company_info
    where comID = #{comID,jdbcType=VARCHAR}
  </select>
  <insert id="insert" parameterType="com.picc.piccunicom.model.CompanyInfo">
    <!--
      WARNING - @mbg.generated
      This element is automatically generated by MyBatis Generator, do not modify.
    -->
    insert into it_unicom_company_info (comID, comName, password, 
      creditCode, comtypeCode, provinceCode, 
      cityCode, address, linkManName, 
      linkManPost, linkManPhone, creditLimit, 
      creditEndDate, netInFlag, remark, 
      lincenceURL, validStatus, creatorCode, 
      insertTimeForHis, updaterCode, updateTimeForHis)
    values (#{comID,jdbcType=VARCHAR}, #{comName,jdbcType=VARCHAR}, #{password,jdbcType=VARCHAR},
      #{creditCode,jdbcType=VARCHAR}, #{comtypeCode,jdbcType=TINYINT}, #{provinceCode,jdbcType=INTEGER}, 
      #{cityCode,jdbcType=INTEGER}, #{address,jdbcType=VARCHAR}, #{linkManName,jdbcType=VARCHAR}, 
      #{linkManPost,jdbcType=VARCHAR}, #{linkManPhone,jdbcType=VARCHAR}, #{creditLimit,jdbcType=DECIMAL}, 
      #{creditEndDate,jdbcType=TIMESTAMP}, #{netInFlag,jdbcType=BIT}, #{remark,jdbcType=VARCHAR}, 
      #{lincenceURL,jdbcType=VARCHAR}, #{validStatus,jdbcType=TINYINT}, #{creatorCode,jdbcType=VARCHAR}, 
      #{insertTimeForHis,jdbcType=TIMESTAMP}, #{updaterCode,jdbcType=VARCHAR}, #{updateTimeForHis,jdbcType=TIMESTAMP})
  </insert>
  <insert id="insertSelective" parameterType="com.picc.piccunicom.model.CompanyInfo">
    <!--
      WARNING - @mbg.generated
      This element is automatically generated by MyBatis Generator, do not modify.
    -->
    insert into it_unicom_company_info
    <trim prefix="(" suffix=")" suffixOverrides=",">
      <if test="comID != null">
        comID,
      </if>
      <if test="comName != null">
        comName,
      </if>
      <if test="password != null">
        password,
      </if>
      <if test="creditCode != null">
        creditCode,
      </if>
      <if test="comtypeCode != null">
        comtypeCode,
      </if>
      <if test="provinceCode != null">
        provinceCode,
      </if>
      <if test="cityCode != null">
        cityCode,
      </if>
      <if test="address != null">
        address,
      </if>
      <if test="linkManName != null">
        linkManName,
      </if>
      <if test="linkManPost != null">
        linkManPost,
      </if>
      <if test="linkManPhone != null">
        linkManPhone,
      </if>
      <if test="creditLimit != null">
        creditLimit,
      </if>
      <if test="creditEndDate != null">
        creditEndDate,
      </if>
      <if test="netInFlag != null">
        netInFlag,
      </if>
      <if test="remark != null">
        remark,
      </if>
      <if test="lincenceURL != null">
        lincenceURL,
      </if>
      <if test="validStatus != null">
        validStatus,
      </if>
      <if test="creatorCode != null">
        creatorCode,
      </if>
      <if test="insertTimeForHis != null">
        insertTimeForHis,
      </if>
      <if test="updaterCode != null">
        updaterCode,
      </if>
      <if test="updateTimeForHis != null">
        updateTimeForHis,
      </if>
    </trim>
    <trim prefix="values (" suffix=")" suffixOverrides=",">
      <if test="comID != null">
        #{comID,jdbcType=VARCHAR},
      </if>
      <if test="comName != null">
        #{comName,jdbcType=VARCHAR},
      </if>
      <if test="password != null">
        #{password,jdbcType=VARCHAR},
      </if>
      <if test="creditCode != null">
        #{creditCode,jdbcType=VARCHAR},
      </if>
      <if test="comtypeCode != null">
        #{comtypeCode,jdbcType=TINYINT},
      </if>
      <if test="provinceCode != null">
        #{provinceCode,jdbcType=INTEGER},
      </if>
      <if test="cityCode != null">
        #{cityCode,jdbcType=INTEGER},
      </if>
      <if test="address != null">
        #{address,jdbcType=VARCHAR},
      </if>
      <if test="linkManName != null">
        #{linkManName,jdbcType=VARCHAR},
      </if>
      <if test="linkManPost != null">
        #{linkManPost,jdbcType=VARCHAR},
      </if>
      <if test="linkManPhone != null">
        #{linkManPhone,jdbcType=VARCHAR},
      </if>
      <if test="creditLimit != null">
        #{creditLimit,jdbcType=DECIMAL},
      </if>
      <if test="creditEndDate != null">
        #{creditEndDate,jdbcType=TIMESTAMP},
      </if>
      <if test="netInFlag != null">
        #{netInFlag,jdbcType=BIT},
      </if>
      <if test="remark != null">
        #{remark,jdbcType=VARCHAR},
      </if>
      <if test="lincenceURL != null">
        #{lincenceURL,jdbcType=VARCHAR},
      </if>
      <if test="validStatus != null">
        #{validStatus,jdbcType=TINYINT},
      </if>
      <if test="creatorCode != null">
        #{creatorCode,jdbcType=VARCHAR},
      </if>
      <if test="insertTimeForHis != null">
        #{insertTimeForHis,jdbcType=TIMESTAMP},
      </if>
      <if test="updaterCode != null">
        #{updaterCode,jdbcType=VARCHAR},
      </if>
      <if test="updateTimeForHis != null">
        #{updateTimeForHis,jdbcType=TIMESTAMP},
      </if>
    </trim>
  </insert>
  <update id="updateByPrimaryKeySelective" parameterType="com.picc.piccunicom.model.CompanyInfo">
    <!--
      WARNING - @mbg.generated
      This element is automatically generated by MyBatis Generator, do not modify.
    -->
    update it_unicom_company_info
    <set>
      <if test="comName != null">
        comName = #{comName,jdbcType=VARCHAR},
      </if>
      <if test="password != null">
        password = #{password,jdbcType=VARCHAR},
      </if>
      <if test="creditCode != null">
        creditCode = #{creditCode,jdbcType=VARCHAR},
      </if>
      <if test="comtypeCode != null">
        comtypeCode = #{comtypeCode,jdbcType=TINYINT},
      </if>
      <if test="provinceCode != null">
        provinceCode = #{provinceCode,jdbcType=INTEGER},
      </if>
      <if test="cityCode != null">
        cityCode = #{cityCode,jdbcType=INTEGER},
      </if>
      <if test="address != null">
        address = #{address,jdbcType=VARCHAR},
      </if>
      <if test="linkManName != null">
        linkManName = #{linkManName,jdbcType=VARCHAR},
      </if>
      <if test="linkManPost != null">
        linkManPost = #{linkManPost,jdbcType=VARCHAR},
      </if>
      <if test="linkManPhone != null">
        linkManPhone = #{linkManPhone,jdbcType=VARCHAR},
      </if>
      <if test="creditLimit != null">
        creditLimit = #{creditLimit,jdbcType=DECIMAL},
      </if>
      <if test="creditEndDate != null">
        creditEndDate = #{creditEndDate,jdbcType=TIMESTAMP},
      </if>
      <if test="netInFlag != null">
        netInFlag = #{netInFlag,jdbcType=BIT},
      </if>
      <if test="remark != null">
        remark = #{remark,jdbcType=VARCHAR},
      </if>
      <if test="lincenceURL != null">
        lincenceURL = #{lincenceURL,jdbcType=VARCHAR},
      </if>
      <if test="validStatus != null">
        validStatus = #{validStatus,jdbcType=TINYINT},
      </if>
      <if test="creatorCode != null">
        creatorCode = #{creatorCode,jdbcType=VARCHAR},
      </if>
      <if test="insertTimeForHis != null">
        insertTimeForHis = #{insertTimeForHis,jdbcType=TIMESTAMP},
      </if>
      <if test="updaterCode != null">
        updaterCode = #{updaterCode,jdbcType=VARCHAR},
      </if>
      <if test="updateTimeForHis != null">
        updateTimeForHis = #{updateTimeForHis,jdbcType=TIMESTAMP},
      </if>
    </set>
    where comID = #{comID,jdbcType=VARCHAR}
  </update>
  <update id="updateByPrimaryKey" parameterType="com.picc.piccunicom.model.CompanyInfo">
    <!--
      WARNING - @mbg.generated
      This element is automatically generated by MyBatis Generator, do not modify.
    -->
    update it_unicom_company_info
    set comName = #{comName,jdbcType=VARCHAR},
      password = #{password,jdbcType=VARCHAR},
      creditCode = #{creditCode,jdbcType=VARCHAR},
      comtypeCode = #{comtypeCode,jdbcType=TINYINT},
      provinceCode = #{provinceCode,jdbcType=INTEGER},
      cityCode = #{cityCode,jdbcType=INTEGER},
      address = #{address,jdbcType=VARCHAR},
      linkManName = #{linkManName,jdbcType=VARCHAR},
      linkManPost = #{linkManPost,jdbcType=VARCHAR},
      linkManPhone = #{linkManPhone,jdbcType=VARCHAR},
      creditLimit = #{creditLimit,jdbcType=DECIMAL},
      creditEndDate = #{creditEndDate,jdbcType=TIMESTAMP},
      netInFlag = #{netInFlag,jdbcType=BIT},
      remark = #{remark,jdbcType=VARCHAR},
      lincenceURL = #{lincenceURL,jdbcType=VARCHAR},
      validStatus = #{validStatus,jdbcType=TINYINT},
      creatorCode = #{creatorCode,jdbcType=VARCHAR},
      insertTimeForHis = #{insertTimeForHis,jdbcType=TIMESTAMP},
      updaterCode = #{updaterCode,jdbcType=VARCHAR},
      updateTimeForHis = #{updateTimeForHis,jdbcType=TIMESTAMP}
    where comID = #{comID,jdbcType=VARCHAR}
  </update>
</mapper>