<?xml version="1.0" encoding="UTF-8"?>
<!DOCTYPE mapper PUBLIC "-//mybatis.org//DTD Mapper 3.0//EN" "http://mybatis.org/dtd/mybatis-3-mapper.dtd">
<mapper namespace="com.picc.piccunicom.mapper.base.CustomerInfoBaseMapper">
  <resultMap id="BaseResultMap" type="com.picc.piccunicom.model.CustomerInfo">
    <!--
      WARNING - @mbg.generated
      This element is automatically generated by MyBatis Generator, do not modify.
    -->
    <id column="customerID" jdbcType="VARCHAR" property="customerID" />
    <result column="comID" jdbcType="VARCHAR" property="comID" />
    <result column="customerName" jdbcType="VARCHAR" property="customerName" />
    <result column="identifyNumber" jdbcType="VARCHAR" property="identifyNumber" />
    <result column="identifyType" jdbcType="INTEGER" property="identifyType" />
    <result column="phone" jdbcType="VARCHAR" property="phone" />
    <result column="provinceCode" jdbcType="INTEGER" property="provinceCode" />
    <result column="cityCode" jdbcType="INTEGER" property="cityCode" />
    <result column="socialSecurityNO" jdbcType="VARCHAR" property="socialSecurityNO" />
    <result column="identityCardFrontURL" jdbcType="VARCHAR" property="identityCardFrontURL" />
    <result column="identityCardBackURL" jdbcType="VARCHAR" property="identityCardBackURL" />
    <result column="workCardURL" jdbcType="VARCHAR" property="workCardURL" />
    <result column="securityCardURL" jdbcType="VARCHAR" property="securityCardURL" />
    <result column="validStatus" jdbcType="TINYINT" property="validStatus" />
    <result column="creatorCode" jdbcType="VARCHAR" property="creatorCode" />
    <result column="insertTimeForHis" jdbcType="TIMESTAMP" property="insertTimeForHis" />
    <result column="updaterCode" jdbcType="VARCHAR" property="updaterCode" />
    <result column="updateTimeForHis" jdbcType="TIMESTAMP" property="updateTimeForHis" />
  </resultMap>
  <sql id="Base_Column_List">
    <!--
      WARNING - @mbg.generated
      This element is automatically generated by MyBatis Generator, do not modify.
    -->
    customerID, comID, customerName, identifyNumber, identifyType, phone, 
    provinceCode, cityCode, socialSecurityNO, identityCardFrontURL, identityCardBackURL, 
    workCardURL, securityCardURL, validStatus, creatorCode, insertTimeForHis, updaterCode, 
    updateTimeForHis
  </sql>
  <select id="selectByPrimaryKey" parameterType="java.lang.String" resultMap="BaseResultMap">
    <!--
      WARNING - @mbg.generated
      This element is automatically generated by MyBatis Generator, do not modify.
    -->
    select 
    <include refid="Base_Column_List" />
    from it_unicom_customer_info
    where customerID = #{customerID,jdbcType=VARCHAR}
  </select>
  <insert id="insert" parameterType="com.picc.piccunicom.model.CustomerInfo">
    <!--
      WARNING - @mbg.generated
      This element is automatically generated by MyBatis Generator, do not modify.
    -->
    insert into it_unicom_customer_info (customerID, comID, customerName, 
      identifyNumber,identifyType, 
      phone, provinceCode, cityCode, 
      socialSecurityNO, identityCardFrontURL, 
      identityCardBackURL, workCardURL, securityCardURL, 
      validStatus, creatorCode, insertTimeForHis, 
      updaterCode, updateTimeForHis)
    values (#{customerID,jdbcType=VARCHAR}, #{comID,jdbcType=VARCHAR}, #{customerName,jdbcType=VARCHAR},
      #{identifyNumber,jdbcType=VARCHAR}, #{identifyType,jdbcType=INTEGER}, 
      #{phone,jdbcType=VARCHAR}, #{provinceCode,jdbcType=INTEGER}, #{cityCode,jdbcType=INTEGER}, 
      #{socialSecurityNO,jdbcType=VARCHAR}, #{identityCardFrontURL,jdbcType=VARCHAR}, 
      #{identityCardBackURL,jdbcType=VARCHAR}, #{workCardURL,jdbcType=VARCHAR}, #{securityCardURL,jdbcType=VARCHAR}, 
      #{validStatus,jdbcType=TINYINT}, #{creatorCode,jdbcType=VARCHAR}, #{insertTimeForHis,jdbcType=TIMESTAMP}, 
      #{updaterCode,jdbcType=VARCHAR}, #{updateTimeForHis,jdbcType=TIMESTAMP})
  </insert>
  <insert id="insertSelective" parameterType="com.picc.piccunicom.model.CustomerInfo">
    <!--
      WARNING - @mbg.generated
      This element is automatically generated by MyBatis Generator, do not modify.
    -->
    insert into it_unicom_customer_info
    <trim prefix="(" suffix=")" suffixOverrides=",">
      <if test="customerID != null">
        customerID,
      </if>
      <if test="comID != null">
        comID,
      </if>
      <if test="customerName != null">
        customerName,
      </if>
      <if test="identifyNumber != null">
        identifyNumber,
      </if>
      <if test="identifyType != null">
        identifyType,
      </if>
      <if test="phone != null">
        phone,
      </if>
      <if test="provinceCode != null">
        provinceCode,
      </if>
      <if test="cityCode != null">
        cityCode,
      </if>
      <if test="socialSecurityNO != null">
        socialSecurityNO,
      </if>
      <if test="identityCardFrontURL != null">
        identityCardFrontURL,
      </if>
      <if test="identityCardBackURL != null">
        identityCardBackURL,
      </if>
      <if test="workCardURL != null">
        workCardURL,
      </if>
      <if test="securityCardURL != null">
        securityCardURL,
      </if>
      <if test="validStatus != null">
        validStatus,
      </if>
      <if test="creatorCode != null">
        creatorCode,
      </if>
      <if test="insertTimeForHis != null">
        insertTimeForHis,
      </if>
      <if test="updaterCode != null">
        updaterCode,
      </if>
      <if test="updateTimeForHis != null">
        updateTimeForHis,
      </if>
    </trim>
    <trim prefix="values (" suffix=")" suffixOverrides=",">
      <if test="customerID != null">
        #{customerID,jdbcType=VARCHAR},
      </if>
      <if test="comID != null">
        #{comID,jdbcType=VARCHAR},
      </if>
      <if test="customerName != null">
        #{customerName,jdbcType=VARCHAR},
      </if>
      <if test="identifyNumber != null">
        #{identifyNumber,jdbcType=VARCHAR},
      </if>
      <if test="identifyType != null">
        #{identifyType,jdbcType=INTEGER},
      </if>
      <if test="phone != null">
        #{phone,jdbcType=VARCHAR},
      </if>
      <if test="provinceCode != null">
        #{provinceCode,jdbcType=INTEGER},
      </if>
      <if test="cityCode != null">
        #{cityCode,jdbcType=INTEGER},
      </if>
      <if test="socialSecurityNO != null">
        #{socialSecurityNO,jdbcType=VARCHAR},
      </if>
      <if test="identityCardFrontURL != null">
        #{identityCardFrontURL,jdbcType=VARCHAR},
      </if>
      <if test="identityCardBackURL != null">
        #{identityCardBackURL,jdbcType=VARCHAR},
      </if>
      <if test="workCardURL != null">
        #{workCardURL,jdbcType=VARCHAR},
      </if>
      <if test="securityCardURL != null">
        #{securityCardURL,jdbcType=VARCHAR},
      </if>
      <if test="validStatus != null">
        #{validStatus,jdbcType=TINYINT},
      </if>
      <if test="creatorCode != null">
        #{creatorCode,jdbcType=VARCHAR},
      </if>
      <if test="insertTimeForHis != null">
        #{insertTimeForHis,jdbcType=TIMESTAMP},
      </if>
      <if test="updaterCode != null">
        #{updaterCode,jdbcType=VARCHAR},
      </if>
      <if test="updateTimeForHis != null">
        #{updateTimeForHis,jdbcType=TIMESTAMP},
      </if>
    </trim>
  </insert>
  <update id="updateByPrimaryKeySelective" parameterType="com.picc.piccunicom.model.CustomerInfo">
    <!--
      WARNING - @mbg.generated
      This element is automatically generated by MyBatis Generator, do not modify.
    -->
    update it_unicom_customer_info
    <set>
      <if test="comID != null">
        comID = #{comID,jdbcType=VARCHAR},
      </if>
      <if test="customerName != null">
        customerName = #{customerName,jdbcType=VARCHAR},
      </if>
      <if test="identifyNumber != null">
        identifyNumber = #{identifyNumber,jdbcType=VARCHAR},
      </if>
      <if test="identifyType != null">
        identifyType = #{identifyType,jdbcType=INTEGER},
      </if>
      <if test="phone != null">
        phone = #{phone,jdbcType=VARCHAR},
      </if>
      <if test="provinceCode != null">
        provinceCode = #{provinceCode,jdbcType=INTEGER},
      </if>
      <if test="cityCode != null">
        cityCode = #{cityCode,jdbcType=INTEGER},
      </if>
      <if test="socialSecurityNO != null">
        socialSecurityNO = #{socialSecurityNO,jdbcType=VARCHAR},
      </if>
      <if test="identityCardFrontURL != null">
        identityCardFrontURL = #{identityCardFrontURL,jdbcType=VARCHAR},
      </if>
      <if test="identityCardBackURL != null">
        identityCardBackURL = #{identityCardBackURL,jdbcType=VARCHAR},
      </if>
      <if test="workCardURL != null">
        workCardURL = #{workCardURL,jdbcType=VARCHAR},
      </if>
      <if test="securityCardURL != null">
        securityCardURL = #{securityCardURL,jdbcType=VARCHAR},
      </if>
      <if test="validStatus != null">
        validStatus = #{validStatus,jdbcType=TINYINT},
      </if>
      <if test="creatorCode != null">
        creatorCode = #{creatorCode,jdbcType=VARCHAR},
      </if>
      <if test="insertTimeForHis != null">
        insertTimeForHis = #{insertTimeForHis,jdbcType=TIMESTAMP},
      </if>
      <if test="updaterCode != null">
        updaterCode = #{updaterCode,jdbcType=VARCHAR},
      </if>
      <if test="updateTimeForHis != null">
        updateTimeForHis = #{updateTimeForHis,jdbcType=TIMESTAMP},
      </if>
    </set>
    where customerID = #{customerID,jdbcType=VARCHAR}
  </update>
  <update id="updateByPrimaryKey" parameterType="com.picc.piccunicom.model.CustomerInfo">
    <!--
      WARNING - @mbg.generated
      This element is automatically generated by MyBatis Generator, do not modify.
    -->
    update it_unicom_customer_info
    set comID = #{comID,jdbcType=VARCHAR},
      customerName = #{customerName,jdbcType=VARCHAR},
      identifyNumber = #{identifyNumber,jdbcType=VARCHAR},
      identifyType = #{identifyType,jdbcType=INTEGER},
      phone = #{phone,jdbcType=VARCHAR},
      provinceCode = #{provinceCode,jdbcType=INTEGER},
      cityCode = #{cityCode,jdbcType=INTEGER},
      socialSecurityNO = #{socialSecurityNO,jdbcType=VARCHAR},
      identityCardFrontURL = #{identityCardFrontURL,jdbcType=VARCHAR},
      identityCardBackURL = #{identityCardBackURL,jdbcType=VARCHAR},
      workCardURL = #{workCardURL,jdbcType=VARCHAR},
      securityCardURL = #{securityCardURL,jdbcType=VARCHAR},
      validStatus = #{validStatus,jdbcType=TINYINT},
      creatorCode = #{creatorCode,jdbcType=VARCHAR},
      insertTimeForHis = #{insertTimeForHis,jdbcType=TIMESTAMP},
      updaterCode = #{updaterCode,jdbcType=VARCHAR},
      updateTimeForHis = #{updateTimeForHis,jdbcType=TIMESTAMP}
    where customerID = #{customerID,jdbcType=VARCHAR}
  </update>

  <select id="selectMaxId" resultType="string">
    select max(SUBSTR(customerid,6)) from it_unicom_customer_info;
  </select>
</mapper>