<?xml version="1.0" encoding="UTF-8"?>
<!DOCTYPE mapper PUBLIC "-//mybatis.org//DTD Mapper 3.0//EN" "http://mybatis.org/dtd/mybatis-3-mapper.dtd">
<mapper namespace="com.picc.piccunicom.mapper.base.OrderStatusBaseMapper">
  <resultMap id="BaseResultMap" type="com.picc.piccunicom.model.OrderStatus">
    <!--
      WARNING - @mbg.generated
      This element is automatically generated by MyBatis Generator, do not modify.
    -->
    <id column="orderID" jdbcType="VARCHAR" property="orderID" />
    <result column="orderType" jdbcType="TINYINT" property="orderType" />
    <result column="submitTime" jdbcType="TIMESTAMP" property="submitTime" />
    <result column="submitterCode" jdbcType="VARCHAR" property="submitterCode" />
    <result column="submitterName" jdbcType="VARCHAR" property="submitterName" />
    <result column="auditStatus" jdbcType="TINYINT" property="auditStatus" />
    <result column="auditTime" jdbcType="TIMESTAMP" property="auditTime" />
    <result column="autitorCode" jdbcType="VARCHAR" property="autitorCode" />
    <result column="autitorName" jdbcType="VARCHAR" property="autitorName" />
    <result column="auditReason" jdbcType="VARCHAR" property="auditReason" />
    <result column="renewType" jdbcType="TINYINT" property="renewType" />
    <result column="underWrittenTime" jdbcType="TIMESTAMP" property="underWrittenTime" />
    <result column="prpupdaterCode" jdbcType="VARCHAR" property="prpupdaterCode" />
    <result column="prpUpdaterName" jdbcType="VARCHAR" property="prpUpdaterName" />
    <result column="claimStatus" jdbcType="TINYINT" property="claimStatus" />
    <result column="validStatus" jdbcType="TINYINT" property="validStatus" />
    <result column="creatorCode" jdbcType="VARCHAR" property="creatorCode" />
    <result column="insertTimeForHis" jdbcType="TIMESTAMP" property="insertTimeForHis" />
    <result column="updaterCode" jdbcType="VARCHAR" property="updaterCode" />
    <result column="updateTimeForHis" jdbcType="TIMESTAMP" property="updateTimeForHis" />
  </resultMap>
  <sql id="Base_Column_List">
    <!--
      WARNING - @mbg.generated
      This element is automatically generated by MyBatis Generator, do not modify.
    -->
    orderID, orderType, submitTime, submitterCode, submitterName, auditStatus, auditTime, 
    autitorCode, autitorName, auditReason, renewType, underWrittenTime, prpupdaterCode, 
    prpUpdaterName, claimStatus, validStatus, creatorCode, insertTimeForHis, updaterCode, 
    updateTimeForHis
  </sql>
  <select id="selectByPrimaryKey" parameterType="java.lang.String" resultMap="BaseResultMap">
    <!--
      WARNING - @mbg.generated
      This element is automatically generated by MyBatis Generator, do not modify.
    -->
    select 
    <include refid="Base_Column_List" />
    from it_unicom_order_status
    where orderID = #{orderID,jdbcType=VARCHAR}
  </select>
  <insert id="insert" parameterType="com.picc.piccunicom.model.OrderStatus">
    <!--
      WARNING - @mbg.generated
      This element is automatically generated by MyBatis Generator, do not modify.
    -->
    insert into it_unicom_order_status (orderID, orderType, submitTime, 
      submitterCode, submitterName, auditStatus, 
      auditTime, autitorCode, autitorName, 
      auditReason, renewType, underWrittenTime, 
      prpupdaterCode, prpUpdaterName, claimStatus, 
      validStatus, creatorCode, insertTimeForHis, 
      updaterCode, updateTimeForHis)
    values (#{orderID,jdbcType=VARCHAR}, #{orderType,jdbcType=TINYINT}, #{submitTime,jdbcType=TIMESTAMP},
      #{submitterCode,jdbcType=VARCHAR}, #{submitterName,jdbcType=VARCHAR}, #{auditStatus,jdbcType=TINYINT}, 
      #{auditTime,jdbcType=TIMESTAMP}, #{autitorCode,jdbcType=VARCHAR}, #{autitorName,jdbcType=VARCHAR}, 
      #{auditReason,jdbcType=VARCHAR}, #{renewType,jdbcType=TINYINT}, #{underWrittenTime,jdbcType=TIMESTAMP}, 
      #{prpupdaterCode,jdbcType=VARCHAR}, #{prpUpdaterName,jdbcType=VARCHAR}, #{claimStatus,jdbcType=TINYINT}, 
      #{validStatus,jdbcType=TINYINT}, #{creatorCode,jdbcType=VARCHAR}, #{insertTimeForHis,jdbcType=TIMESTAMP}, 
      #{updaterCode,jdbcType=VARCHAR}, #{updateTimeForHis,jdbcType=TIMESTAMP})
  </insert>
  <insert id="insertSelective" parameterType="com.picc.piccunicom.model.OrderStatus">
    <!--
      WARNING - @mbg.generated
      This element is automatically generated by MyBatis Generator, do not modify.
    -->
    insert into it_unicom_order_status
    <trim prefix="(" suffix=")" suffixOverrides=",">
      <if test="orderID != null">
        orderID,
      </if>
      <if test="orderType != null">
        orderType,
      </if>
      <if test="submitTime != null">
        submitTime,
      </if>
      <if test="submitterCode != null">
        submitterCode,
      </if>
      <if test="submitterName != null">
        submitterName,
      </if>
      <if test="auditStatus != null">
        auditStatus,
      </if>
      <if test="auditTime != null">
        auditTime,
      </if>
      <if test="autitorCode != null">
        autitorCode,
      </if>
      <if test="autitorName != null">
        autitorName,
      </if>
      <if test="auditReason != null">
        auditReason,
      </if>
      <if test="renewType != null">
        renewType,
      </if>
      <if test="underWrittenTime != null">
        underWrittenTime,
      </if>
      <if test="prpupdaterCode != null">
        prpupdaterCode,
      </if>
      <if test="prpUpdaterName != null">
        prpUpdaterName,
      </if>
      <if test="claimStatus != null">
        claimStatus,
      </if>
      <if test="validStatus != null">
        validStatus,
      </if>
      <if test="creatorCode != null">
        creatorCode,
      </if>
      <if test="insertTimeForHis != null">
        insertTimeForHis,
      </if>
      <if test="updaterCode != null">
        updaterCode,
      </if>
      <if test="updateTimeForHis != null">
        updateTimeForHis,
      </if>
    </trim>
    <trim prefix="values (" suffix=")" suffixOverrides=",">
      <if test="orderID != null">
        #{orderID,jdbcType=VARCHAR},
      </if>
      <if test="orderType != null">
        #{orderType,jdbcType=TINYINT},
      </if>
      <if test="submitTime != null">
        #{submitTime,jdbcType=TIMESTAMP},
      </if>
      <if test="submitterCode != null">
        #{submitterCode,jdbcType=VARCHAR},
      </if>
      <if test="submitterName != null">
        #{submitterName,jdbcType=VARCHAR},
      </if>
      <if test="auditStatus != null">
        #{auditStatus,jdbcType=TINYINT},
      </if>
      <if test="auditTime != null">
        #{auditTime,jdbcType=TIMESTAMP},
      </if>
      <if test="autitorCode != null">
        #{autitorCode,jdbcType=VARCHAR},
      </if>
      <if test="autitorName != null">
        #{autitorName,jdbcType=VARCHAR},
      </if>
      <if test="auditReason != null">
        #{auditReason,jdbcType=VARCHAR},
      </if>
      <if test="renewType != null">
        #{renewType,jdbcType=TINYINT},
      </if>
      <if test="underWrittenTime != null">
        #{underWrittenTime,jdbcType=TIMESTAMP},
      </if>
      <if test="prpupdaterCode != null">
        #{prpupdaterCode,jdbcType=VARCHAR},
      </if>
      <if test="prpUpdaterName != null">
        #{prpUpdaterName,jdbcType=VARCHAR},
      </if>
      <if test="claimStatus != null">
        #{claimStatus,jdbcType=TINYINT},
      </if>
      <if test="validStatus != null">
        #{validStatus,jdbcType=TINYINT},
      </if>
      <if test="creatorCode != null">
        #{creatorCode,jdbcType=VARCHAR},
      </if>
      <if test="insertTimeForHis != null">
        #{insertTimeForHis,jdbcType=TIMESTAMP},
      </if>
      <if test="updaterCode != null">
        #{updaterCode,jdbcType=VARCHAR},
      </if>
      <if test="updateTimeForHis != null">
        #{updateTimeForHis,jdbcType=TIMESTAMP},
      </if>
    </trim>
  </insert>
  <update id="updateByPrimaryKeySelective" parameterType="com.picc.piccunicom.model.OrderStatus">
    <!--
      WARNING - @mbg.generated
      This element is automatically generated by MyBatis Generator, do not modify.
    -->
    update it_unicom_order_status
    <set>
      <if test="orderType != null">
        orderType = #{orderType,jdbcType=TINYINT},
      </if>
      <if test="submitTime != null">
        submitTime = #{submitTime,jdbcType=TIMESTAMP},
      </if>
      <if test="submitterCode != null">
        submitterCode = #{submitterCode,jdbcType=VARCHAR},
      </if>
      <if test="submitterName != null">
        submitterName = #{submitterName,jdbcType=VARCHAR},
      </if>
      <if test="auditStatus != null">
        auditStatus = #{auditStatus,jdbcType=TINYINT},
      </if>
      <if test="auditTime != null">
        auditTime = #{auditTime,jdbcType=TIMESTAMP},
      </if>
      <if test="autitorCode != null">
        autitorCode = #{autitorCode,jdbcType=VARCHAR},
      </if>
      <if test="autitorName != null">
        autitorName = #{autitorName,jdbcType=VARCHAR},
      </if>
      <if test="auditReason != null">
        auditReason = #{auditReason,jdbcType=VARCHAR},
      </if>
      <if test="renewType != null">
        renewType = #{renewType,jdbcType=TINYINT},
      </if>
      <if test="underWrittenTime != null">
        underWrittenTime = #{underWrittenTime,jdbcType=TIMESTAMP},
      </if>
      <if test="prpupdaterCode != null">
        prpupdaterCode = #{prpupdaterCode,jdbcType=VARCHAR},
      </if>
      <if test="prpUpdaterName != null">
        prpUpdaterName = #{prpUpdaterName,jdbcType=VARCHAR},
      </if>
      <if test="claimStatus != null">
        claimStatus = #{claimStatus,jdbcType=TINYINT},
      </if>
      <if test="validStatus != null">
        validStatus = #{validStatus,jdbcType=TINYINT},
      </if>
      <if test="creatorCode != null">
        creatorCode = #{creatorCode,jdbcType=VARCHAR},
      </if>
      <if test="insertTimeForHis != null">
        insertTimeForHis = #{insertTimeForHis,jdbcType=TIMESTAMP},
      </if>
      <if test="updaterCode != null">
        updaterCode = #{updaterCode,jdbcType=VARCHAR},
      </if>
      <if test="updateTimeForHis != null">
        updateTimeForHis = #{updateTimeForHis,jdbcType=TIMESTAMP},
      </if>
    </set>
    where orderID = #{orderID,jdbcType=VARCHAR}
  </update>
  <update id="updateByPrimaryKey" parameterType="com.picc.piccunicom.model.OrderStatus">
    <!--
      WARNING - @mbg.generated
      This element is automatically generated by MyBatis Generator, do not modify.
    -->
    update it_unicom_order_status
    set orderType = #{orderType,jdbcType=TINYINT},
      submitTime = #{submitTime,jdbcType=TIMESTAMP},
      submitterCode = #{submitterCode,jdbcType=VARCHAR},
      submitterName = #{submitterName,jdbcType=VARCHAR},
      auditStatus = #{auditStatus,jdbcType=TINYINT},
      auditTime = #{auditTime,jdbcType=TIMESTAMP},
      autitorCode = #{autitorCode,jdbcType=VARCHAR},
      autitorName = #{autitorName,jdbcType=VARCHAR},
      auditReason = #{auditReason,jdbcType=VARCHAR},
      renewType = #{renewType,jdbcType=TINYINT},
      underWrittenTime = #{underWrittenTime,jdbcType=TIMESTAMP},
      prpupdaterCode = #{prpupdaterCode,jdbcType=VARCHAR},
      prpUpdaterName = #{prpUpdaterName,jdbcType=VARCHAR},
      claimStatus = #{claimStatus,jdbcType=TINYINT},
      validStatus = #{validStatus,jdbcType=TINYINT},
      creatorCode = #{creatorCode,jdbcType=VARCHAR},
      insertTimeForHis = #{insertTimeForHis,jdbcType=TIMESTAMP},
      updaterCode = #{updaterCode,jdbcType=VARCHAR},
      updateTimeForHis = #{updateTimeForHis,jdbcType=TIMESTAMP}
    where orderID = #{orderID,jdbcType=VARCHAR}
  </update>
</mapper>