<?xml version="1.0" encoding="UTF-8"?>
<!DOCTYPE mapper PUBLIC "-//mybatis.org//DTD Mapper 3.0//EN" "http://mybatis.org/dtd/mybatis-3-mapper.dtd">
<mapper namespace="com.picc.umapi.mapper.base.BaseUmRolePostMapper">
  <resultMap id="BaseResultMap" type="com.picc.umapi.model.UmRolePost">
    <!--
      WARNING - @mbg.generated
      This element is automatically generated by MyBatis Generator, do not modify.
    -->
    <id column="ID" jdbcType="VARCHAR" property="id" />
    <result column="TASKPOSTID" jdbcType="VARCHAR" property="taskpostid" />
    <result column="USERCODE" jdbcType="VARCHAR" property="usercode" />
    <result column="INSERTTIME" jdbcType="TIMESTAMP" property="inserttime" />
  </resultMap>
  <sql id="Base_Column_List">
    <!--
      WARNING - @mbg.generated
      This element is automatically generated by MyBatis Generator, do not modify.
    -->
    ID, TASKPOSTID, USERCODE, INSERTTIME
  </sql>
  <select id="selectByPrimaryKey" parameterType="java.lang.String" resultMap="BaseResultMap">
    <!--
      WARNING - @mbg.generated
      This element is automatically generated by MyBatis Generator, do not modify.
    -->
    select 
    <include refid="Base_Column_List" />
    from UM_ROLE_POST
    where ID = #{id,jdbcType=VARCHAR}
  </select>
  <insert id="insert" parameterType="com.picc.umapi.model.UmRolePost">
    <!--
      WARNING - @mbg.generated
      This element is automatically generated by MyBatis Generator, do not modify.
    -->
    <selectKey keyProperty="id" order="BEFORE" resultType="java.lang.String">
      select lower(sys_guid()) from dual
    </selectKey>
    insert into UM_ROLE_POST (ID, TASKPOSTID, USERCODE, 
      INSERTTIME)
    values (#{id,jdbcType=VARCHAR}, #{taskpostid,jdbcType=VARCHAR}, #{usercode,jdbcType=VARCHAR}, 
      #{inserttime,jdbcType=TIMESTAMP})
  </insert>
  <insert id="insertSelective" parameterType="com.picc.umapi.model.UmRolePost">
    <!--
      WARNING - @mbg.generated
      This element is automatically generated by MyBatis Generator, do not modify.
    -->
    <selectKey keyProperty="id" order="BEFORE" resultType="java.lang.String">
      select lower(sys_guid()) from dual
    </selectKey>
    insert into UM_ROLE_POST
    <trim prefix="(" suffix=")" suffixOverrides=",">
      ID,
      <if test="taskpostid != null">
        TASKPOSTID,
      </if>
      <if test="usercode != null">
        USERCODE,
      </if>
      <if test="inserttime != null">
        INSERTTIME,
      </if>
    </trim>
    <trim prefix="values (" suffix=")" suffixOverrides=",">
      #{id,jdbcType=VARCHAR},
      <if test="taskpostid != null">
        #{taskpostid,jdbcType=VARCHAR},
      </if>
      <if test="usercode != null">
        #{usercode,jdbcType=VARCHAR},
      </if>
      <if test="inserttime != null">
        #{inserttime,jdbcType=TIMESTAMP},
      </if>
    </trim>
  </insert>
  <update id="updateByPrimaryKeySelective" parameterType="com.picc.umapi.model.UmRolePost">
    <!--
      WARNING - @mbg.generated
      This element is automatically generated by MyBatis Generator, do not modify.
    -->
    update UM_ROLE_POST
    <set>
      <if test="taskpostid != null">
        TASKPOSTID = #{taskpostid,jdbcType=VARCHAR},
      </if>
      <if test="usercode != null">
        USERCODE = #{usercode,jdbcType=VARCHAR},
      </if>
      <if test="inserttime != null">
        INSERTTIME = #{inserttime,jdbcType=TIMESTAMP},
      </if>
    </set>
    where ID = #{id,jdbcType=VARCHAR}
  </update>
  <update id="updateByPrimaryKey" parameterType="com.picc.umapi.model.UmRolePost">
    <!--
      WARNING - @mbg.generated
      This element is automatically generated by MyBatis Generator, do not modify.
    -->
    update UM_ROLE_POST
    set TASKPOSTID = #{taskpostid,jdbcType=VARCHAR},
      USERCODE = #{usercode,jdbcType=VARCHAR},
      INSERTTIME = #{inserttime,jdbcType=TIMESTAMP}
    where ID = #{id,jdbcType=VARCHAR}
  </update>
</mapper>