<?xml version="1.0" encoding="UTF-8"?>
<!DOCTYPE mapper PUBLIC "-//mybatis.org//DTD Mapper 3.0//EN" "http://mybatis.org/dtd/mybatis-3-mapper.dtd">
<mapper namespace="com.picc.umapi.mapper.base.BaseUmRoleModuleauthMapper">
  <resultMap id="BaseResultMap" type="com.picc.umapi.model.UmRoleModuleauth">
    <!--
      WARNING - @mbg.generated
      This element is automatically generated by MyBatis Generator, do not modify.
    -->
    <id column="MAID" jdbcType="VARCHAR" property="maid" />
    <result column="MDID" jdbcType="VARCHAR" property="mdid" />
    <result column="ROLEID" jdbcType="VARCHAR" property="roleid" />
  </resultMap>
  <sql id="Base_Column_List">
    <!--
      WARNING - @mbg.generated
      This element is automatically generated by MyBatis Generator, do not modify.
    -->
    MAID, MDID, ROLEID
  </sql>
  <select id="selectByPrimaryKey" parameterType="java.lang.String" resultMap="BaseResultMap">
    <!--
      WARNING - @mbg.generated
      This element is automatically generated by MyBatis Generator, do not modify.
    -->
    select 
    <include refid="Base_Column_List" />
    from UM_ROLE_MODULEAUTH
    where MAID = #{maid,jdbcType=VARCHAR}
  </select>
  <insert id="insert" parameterType="com.picc.umapi.model.UmRoleModuleauth">
    <!--
      WARNING - @mbg.generated
      This element is automatically generated by MyBatis Generator, do not modify.
    -->
    insert into UM_ROLE_MODULEAUTH (MAID, MDID, ROLEID
      )
    values (#{maid,jdbcType=VARCHAR}, #{mdid,jdbcType=VARCHAR}, #{roleid,jdbcType=VARCHAR}
      )
  </insert>
  <insert id="insertSelective" parameterType="com.picc.umapi.model.UmRoleModuleauth">
    <!--
      WARNING - @mbg.generated
      This element is automatically generated by MyBatis Generator, do not modify.
    -->
    insert into UM_ROLE_MODULEAUTH
    <trim prefix="(" suffix=")" suffixOverrides=",">
      <if test="maid != null">
        MAID,
      </if>
      <if test="mdid != null">
        MDID,
      </if>
      <if test="roleid != null">
        ROLEID,
      </if>
    </trim>
    <trim prefix="values (" suffix=")" suffixOverrides=",">
      <if test="maid != null">
        #{maid,jdbcType=VARCHAR},
      </if>
      <if test="mdid != null">
        #{mdid,jdbcType=VARCHAR},
      </if>
      <if test="roleid != null">
        #{roleid,jdbcType=VARCHAR},
      </if>
    </trim>
  </insert>
  <update id="updateByPrimaryKeySelective" parameterType="com.picc.umapi.model.UmRoleModuleauth">
    <!--
      WARNING - @mbg.generated
      This element is automatically generated by MyBatis Generator, do not modify.
    -->
    update UM_ROLE_MODULEAUTH
    <set>
      <if test="mdid != null">
        MDID = #{mdid,jdbcType=VARCHAR},
      </if>
      <if test="roleid != null">
        ROLEID = #{roleid,jdbcType=VARCHAR},
      </if>
    </set>
    where MAID = #{maid,jdbcType=VARCHAR}
  </update>
  <update id="updateByPrimaryKey" parameterType="com.picc.umapi.model.UmRoleModuleauth">
    <!--
      WARNING - @mbg.generated
      This element is automatically generated by MyBatis Generator, do not modify.
    -->
    update UM_ROLE_MODULEAUTH
    set MDID = #{mdid,jdbcType=VARCHAR},
      ROLEID = #{roleid,jdbcType=VARCHAR}
    where MAID = #{maid,jdbcType=VARCHAR}
  </update>
</mapper>