<?xml version="1.0" encoding="UTF-8"?>
<!DOCTYPE mapper PUBLIC "-//mybatis.org//DTD Mapper 3.0//EN" "http://mybatis.org/dtd/mybatis-3-mapper.dtd">
<mapper namespace="com.picc.umapi.mapper.base.BaseUmUserMapper">
  <resultMap id="BaseResultMap" type="com.picc.umapi.model.UmUser">
    <!--
      WARNING - @mbg.generated
      This element is automatically generated by MyBatis Generator, do not modify.
    -->
    <id column="USERID" jdbcType="VARCHAR" property="userid" />
    <result column="USERCODE" jdbcType="VARCHAR" property="usercode" />
    <result column="PASSWD" jdbcType="VARCHAR" property="passwd" />
    <result column="USERNAME" jdbcType="VARCHAR" property="username" />
    <result column="MOBILENO" jdbcType="VARCHAR" property="mobileno" />
    <result column="REMARK" jdbcType="VARCHAR" property="remark" />
    <result column="COMCODE" jdbcType="VARCHAR" property="comcode" />
    <result column="COMNAME" jdbcType="VARCHAR" property="comname" />
    <result column="AUTHFLAG" jdbcType="VARCHAR" property="authflag" />
    <result column="DATALEVEL" jdbcType="VARCHAR" property="datalevel" />
    <result column="DATAAUTH" jdbcType="VARCHAR" property="dataauth" />
    <result column="VALIDSTATUS" jdbcType="VARCHAR" property="validstatus" />
    <result column="INSERTTIME" jdbcType="TIMESTAMP" property="inserttime" />
    <result column="UPDATETIME" jdbcType="TIMESTAMP" property="updatetime" />
    <result column="EMAIL" jdbcType="VARCHAR" property="email" />
    <result column="IDENTIFYTYPE" jdbcType="VARCHAR" property="identifytype" />
    <result column="IDENTIFYNUMBER" jdbcType="VARCHAR" property="identifynumber" />
  </resultMap>
  <sql id="Base_Column_List">
    <!--
      WARNING - @mbg.generated
      This element is automatically generated by MyBatis Generator, do not modify.
    -->
    USERID, USERCODE, PASSWD, USERNAME, MOBILENO, REMARK, COMCODE, COMNAME, AUTHFLAG, 
    DATALEVEL, DATAAUTH, VALIDSTATUS, INSERTTIME, UPDATETIME, EMAIL, IDENTIFYTYPE, IDENTIFYNUMBER
  </sql>
  <select id="selectByPrimaryKey" parameterType="java.lang.String" resultMap="BaseResultMap">
    <!--
      WARNING - @mbg.generated
      This element is automatically generated by MyBatis Generator, do not modify.
    -->
    select 
    <include refid="Base_Column_List" />
    from UM_USER
    where USERID = #{userid,jdbcType=VARCHAR}
  </select>
  <insert id="insert" parameterType="com.picc.umapi.model.UmUser">
    <!--
      WARNING - @mbg.generated
      This element is automatically generated by MyBatis Generator, do not modify.
    -->
    insert into UM_USER (USERID, USERCODE, PASSWD, 
      USERNAME, MOBILENO, REMARK, 
      COMCODE, COMNAME, AUTHFLAG, 
      DATALEVEL, DATAAUTH, VALIDSTATUS, 
      INSERTTIME, UPDATETIME, EMAIL, 
      IDENTIFYTYPE, IDENTIFYNUMBER)
    values (#{userid,jdbcType=VARCHAR}, #{usercode,jdbcType=VARCHAR}, #{passwd,jdbcType=VARCHAR}, 
      #{username,jdbcType=VARCHAR}, #{mobileno,jdbcType=VARCHAR}, #{remark,jdbcType=VARCHAR}, 
      #{comcode,jdbcType=VARCHAR}, #{comname,jdbcType=VARCHAR}, #{authflag,jdbcType=VARCHAR}, 
      #{datalevel,jdbcType=VARCHAR}, #{dataauth,jdbcType=VARCHAR}, #{validstatus,jdbcType=VARCHAR}, 
      #{inserttime,jdbcType=TIMESTAMP}, #{updatetime,jdbcType=TIMESTAMP}, #{email,jdbcType=VARCHAR}, 
      #{identifytype,jdbcType=VARCHAR}, #{identifynumber,jdbcType=VARCHAR})
  </insert>
  <insert id="insertSelective" parameterType="com.picc.umapi.model.UmUser">
    <!--
      WARNING - @mbg.generated
      This element is automatically generated by MyBatis Generator, do not modify.
    -->
    insert into UM_USER
    <trim prefix="(" suffix=")" suffixOverrides=",">
      <if test="userid != null">
        USERID,
      </if>
      <if test="usercode != null">
        USERCODE,
      </if>
      <if test="passwd != null">
        PASSWD,
      </if>
      <if test="username != null">
        USERNAME,
      </if>
      <if test="mobileno != null">
        MOBILENO,
      </if>
      <if test="remark != null">
        REMARK,
      </if>
      <if test="comcode != null">
        COMCODE,
      </if>
      <if test="comname != null">
        COMNAME,
      </if>
      <if test="authflag != null">
        AUTHFLAG,
      </if>
      <if test="datalevel != null">
        DATALEVEL,
      </if>
      <if test="dataauth != null">
        DATAAUTH,
      </if>
      <if test="validstatus != null">
        VALIDSTATUS,
      </if>
      <if test="inserttime != null">
        INSERTTIME,
      </if>
      <if test="updatetime != null">
        UPDATETIME,
      </if>
      <if test="email != null">
        EMAIL,
      </if>
      <if test="identifytype != null">
        IDENTIFYTYPE,
      </if>
      <if test="identifynumber != null">
        IDENTIFYNUMBER,
      </if>
    </trim>
    <trim prefix="values (" suffix=")" suffixOverrides=",">
      <if test="userid != null">
        #{userid,jdbcType=VARCHAR},
      </if>
      <if test="usercode != null">
        #{usercode,jdbcType=VARCHAR},
      </if>
      <if test="passwd != null">
        #{passwd,jdbcType=VARCHAR},
      </if>
      <if test="username != null">
        #{username,jdbcType=VARCHAR},
      </if>
      <if test="mobileno != null">
        #{mobileno,jdbcType=VARCHAR},
      </if>
      <if test="remark != null">
        #{remark,jdbcType=VARCHAR},
      </if>
      <if test="comcode != null">
        #{comcode,jdbcType=VARCHAR},
      </if>
      <if test="comname != null">
        #{comname,jdbcType=VARCHAR},
      </if>
      <if test="authflag != null">
        #{authflag,jdbcType=VARCHAR},
      </if>
      <if test="datalevel != null">
        #{datalevel,jdbcType=VARCHAR},
      </if>
      <if test="dataauth != null">
        #{dataauth,jdbcType=VARCHAR},
      </if>
      <if test="validstatus != null">
        #{validstatus,jdbcType=VARCHAR},
      </if>
      <if test="inserttime != null">
        #{inserttime,jdbcType=TIMESTAMP},
      </if>
      <if test="updatetime != null">
        #{updatetime,jdbcType=TIMESTAMP},
      </if>
      <if test="email != null">
        #{email,jdbcType=VARCHAR},
      </if>
      <if test="identifytype != null">
        #{identifytype,jdbcType=VARCHAR},
      </if>
      <if test="identifynumber != null">
        #{identifynumber,jdbcType=VARCHAR},
      </if>
    </trim>
  </insert>
  <update id="updateByPrimaryKeySelective" parameterType="com.picc.umapi.model.UmUser">
    <!--
      WARNING - @mbg.generated
      This element is automatically generated by MyBatis Generator, do not modify.
    -->
    update UM_USER
    <set>
      <if test="usercode != null">
        USERCODE = #{usercode,jdbcType=VARCHAR},
      </if>
      <if test="passwd != null">
        PASSWD = #{passwd,jdbcType=VARCHAR},
      </if>
      <if test="username != null">
        USERNAME = #{username,jdbcType=VARCHAR},
      </if>
      <if test="mobileno != null">
        MOBILENO = #{mobileno,jdbcType=VARCHAR},
      </if>
      <if test="remark != null">
        REMARK = #{remark,jdbcType=VARCHAR},
      </if>
      <if test="comcode != null">
        COMCODE = #{comcode,jdbcType=VARCHAR},
      </if>
      <if test="comname != null">
        COMNAME = #{comname,jdbcType=VARCHAR},
      </if>
      <if test="authflag != null">
        AUTHFLAG = #{authflag,jdbcType=VARCHAR},
      </if>
      <if test="datalevel != null">
        DATALEVEL = #{datalevel,jdbcType=VARCHAR},
      </if>
      <if test="dataauth != null">
        DATAAUTH = #{dataauth,jdbcType=VARCHAR},
      </if>
      <if test="validstatus != null">
        VALIDSTATUS = #{validstatus,jdbcType=VARCHAR},
      </if>
      <if test="inserttime != null">
        INSERTTIME = #{inserttime,jdbcType=TIMESTAMP},
      </if>
      <if test="updatetime != null">
        UPDATETIME = #{updatetime,jdbcType=TIMESTAMP},
      </if>
      <if test="email != null">
        EMAIL = #{email,jdbcType=VARCHAR},
      </if>
      <if test="identifytype != null">
        IDENTIFYTYPE = #{identifytype,jdbcType=VARCHAR},
      </if>
      <if test="identifynumber != null">
        IDENTIFYNUMBER = #{identifynumber,jdbcType=VARCHAR},
      </if>
    </set>
    where USERID = #{userid,jdbcType=VARCHAR}
  </update>
  <update id="updateByPrimaryKey" parameterType="com.picc.umapi.model.UmUser">
    <!--
      WARNING - @mbg.generated
      This element is automatically generated by MyBatis Generator, do not modify.
    -->
    update UM_USER
    set USERCODE = #{usercode,jdbcType=VARCHAR},
      PASSWD = #{passwd,jdbcType=VARCHAR},
      USERNAME = #{username,jdbcType=VARCHAR},
      MOBILENO = #{mobileno,jdbcType=VARCHAR},
      REMARK = #{remark,jdbcType=VARCHAR},
      COMCODE = #{comcode,jdbcType=VARCHAR},
      COMNAME = #{comname,jdbcType=VARCHAR},
      AUTHFLAG = #{authflag,jdbcType=VARCHAR},
      DATALEVEL = #{datalevel,jdbcType=VARCHAR},
      DATAAUTH = #{dataauth,jdbcType=VARCHAR},
      VALIDSTATUS = #{validstatus,jdbcType=VARCHAR},
      INSERTTIME = #{inserttime,jdbcType=TIMESTAMP},
      UPDATETIME = #{updatetime,jdbcType=TIMESTAMP},
      EMAIL = #{email,jdbcType=VARCHAR},
      IDENTIFYTYPE = #{identifytype,jdbcType=VARCHAR},
      IDENTIFYNUMBER = #{identifynumber,jdbcType=VARCHAR}
    where USERID = #{userid,jdbcType=VARCHAR}
  </update>
</mapper>