<?xml version="1.0" encoding="UTF-8"?>
<!DOCTYPE mapper PUBLIC "-//mybatis.org//DTD Mapper 3.0//EN" "http://mybatis.org/dtd/mybatis-3-mapper.dtd">
<mapper namespace="com.picc.umapi.mapper.base.BaseUmDataauthoritybakMapper">
  <resultMap id="BaseResultMap" type="com.picc.umapi.model.UmDataauthoritybak">
    <!--
      WARNING - @mbg.generated
      This element is automatically generated by MyBatis Generator, do not modify.
    -->
    <result column="ID" jdbcType="VARCHAR" property="id" />
    <result column="USERCODE" jdbcType="VARCHAR" property="usercode" />
    <result column="USERNAME" jdbcType="VARCHAR" property="username" />
    <result column="DATATYPE" jdbcType="VARCHAR" property="datatype" />
    <result column="DATARELATION" jdbcType="VARCHAR" property="datarelation" />
    <result column="DATAVALUE" jdbcType="VARCHAR" property="datavalue" />
  </resultMap>
  <insert id="insert" parameterType="com.picc.umapi.model.UmDataauthoritybak">
    <!--
      WARNING - @mbg.generated
      This element is automatically generated by MyBatis Generator, do not modify.
    -->
    insert into UM_DATAAUTHORITYBAK (ID, USERCODE, USERNAME, 
      DATATYPE, DATARELATION, DATAVALUE
      )
    values (#{id,jdbcType=VARCHAR}, #{usercode,jdbcType=VARCHAR}, #{username,jdbcType=VARCHAR}, 
      #{datatype,jdbcType=VARCHAR}, #{datarelation,jdbcType=VARCHAR}, #{datavalue,jdbcType=VARCHAR}
      )
  </insert>
  <insert id="insertSelective" parameterType="com.picc.umapi.model.UmDataauthoritybak">
    <!--
      WARNING - @mbg.generated
      This element is automatically generated by MyBatis Generator, do not modify.
    -->
    insert into UM_DATAAUTHORITYBAK
    <trim prefix="(" suffix=")" suffixOverrides=",">
      <if test="id != null">
        ID,
      </if>
      <if test="usercode != null">
        USERCODE,
      </if>
      <if test="username != null">
        USERNAME,
      </if>
      <if test="datatype != null">
        DATATYPE,
      </if>
      <if test="datarelation != null">
        DATARELATION,
      </if>
      <if test="datavalue != null">
        DATAVALUE,
      </if>
    </trim>
    <trim prefix="values (" suffix=")" suffixOverrides=",">
      <if test="id != null">
        #{id,jdbcType=VARCHAR},
      </if>
      <if test="usercode != null">
        #{usercode,jdbcType=VARCHAR},
      </if>
      <if test="username != null">
        #{username,jdbcType=VARCHAR},
      </if>
      <if test="datatype != null">
        #{datatype,jdbcType=VARCHAR},
      </if>
      <if test="datarelation != null">
        #{datarelation,jdbcType=VARCHAR},
      </if>
      <if test="datavalue != null">
        #{datavalue,jdbcType=VARCHAR},
      </if>
    </trim>
  </insert>
</mapper>