<?xml version="1.0" encoding="UTF-8"?>
<!DOCTYPE mapper PUBLIC "-//mybatis.org//DTD Mapper 3.0//EN" "http://mybatis.org/dtd/mybatis-3-mapper.dtd">
<mapper namespace="com.picc.umapi.mapper.base.BaseUmCookiesMapper">
  <resultMap id="BaseResultMap" type="com.picc.umapi.model.UmCookies">
    <!--
      WARNING - @mbg.generated
      This element is automatically generated by MyBatis Generator, do not modify.
    -->
    <id column="ID" jdbcType="VARCHAR" property="id" />
    <result column="USERCODE" jdbcType="VARCHAR" property="usercode" />
    <result column="COOKKEY" jdbcType="VARCHAR" property="cookkey" />
    <result column="COOKVALUE" jdbcType="VARCHAR" property="cookvalue" />
    <result column="EXPIREDTIME" jdbcType="TIMESTAMP" property="expiredtime" />
    <result column="INSERTTIME" jdbcType="TIMESTAMP" property="inserttime" />
  </resultMap>
  <sql id="Base_Column_List">
    <!--
      WARNING - @mbg.generated
      This element is automatically generated by MyBatis Generator, do not modify.
    -->
    ID, USERCODE, COOKKEY, COOKVALUE, EXPIREDTIME, INSERTTIME
  </sql>
  <select id="selectByPrimaryKey" parameterType="java.lang.String" resultMap="BaseResultMap">
    <!--
      WARNING - @mbg.generated
      This element is automatically generated by MyBatis Generator, do not modify.
    -->
    select 
    <include refid="Base_Column_List" />
    from UM_COOKIES
    where ID = #{id,jdbcType=VARCHAR}
  </select>
  <insert id="insert" parameterType="com.picc.umapi.model.UmCookies">
    <!--
      WARNING - @mbg.generated
      This element is automatically generated by MyBatis Generator, do not modify.
    -->
    insert into UM_COOKIES (ID, USERCODE, COOKKEY, 
      COOKVALUE, EXPIREDTIME, INSERTTIME
      )
    values (#{id,jdbcType=VARCHAR}, #{usercode,jdbcType=VARCHAR}, #{cookkey,jdbcType=VARCHAR}, 
      #{cookvalue,jdbcType=VARCHAR}, #{expiredtime,jdbcType=TIMESTAMP}, #{inserttime,jdbcType=TIMESTAMP}
      )
  </insert>
  <insert id="insertSelective" parameterType="com.picc.umapi.model.UmCookies">
    <!--
      WARNING - @mbg.generated
      This element is automatically generated by MyBatis Generator, do not modify.
    -->
    insert into UM_COOKIES
    <trim prefix="(" suffix=")" suffixOverrides=",">
      <if test="id != null">
        ID,
      </if>
      <if test="usercode != null">
        USERCODE,
      </if>
      <if test="cookkey != null">
        COOKKEY,
      </if>
      <if test="cookvalue != null">
        COOKVALUE,
      </if>
      <if test="expiredtime != null">
        EXPIREDTIME,
      </if>
      <if test="inserttime != null">
        INSERTTIME,
      </if>
    </trim>
    <trim prefix="values (" suffix=")" suffixOverrides=",">
      <if test="id != null">
        #{id,jdbcType=VARCHAR},
      </if>
      <if test="usercode != null">
        #{usercode,jdbcType=VARCHAR},
      </if>
      <if test="cookkey != null">
        #{cookkey,jdbcType=VARCHAR},
      </if>
      <if test="cookvalue != null">
        #{cookvalue,jdbcType=VARCHAR},
      </if>
      <if test="expiredtime != null">
        #{expiredtime,jdbcType=TIMESTAMP},
      </if>
      <if test="inserttime != null">
        #{inserttime,jdbcType=TIMESTAMP},
      </if>
    </trim>
  </insert>
  <update id="updateByPrimaryKeySelective" parameterType="com.picc.umapi.model.UmCookies">
    <!--
      WARNING - @mbg.generated
      This element is automatically generated by MyBatis Generator, do not modify.
    -->
    update UM_COOKIES
    <set>
      <if test="usercode != null">
        USERCODE = #{usercode,jdbcType=VARCHAR},
      </if>
      <if test="cookkey != null">
        COOKKEY = #{cookkey,jdbcType=VARCHAR},
      </if>
      <if test="cookvalue != null">
        COOKVALUE = #{cookvalue,jdbcType=VARCHAR},
      </if>
      <if test="expiredtime != null">
        EXPIREDTIME = #{expiredtime,jdbcType=TIMESTAMP},
      </if>
      <if test="inserttime != null">
        INSERTTIME = #{inserttime,jdbcType=TIMESTAMP},
      </if>
    </set>
    where ID = #{id,jdbcType=VARCHAR}
  </update>
  <update id="updateByPrimaryKey" parameterType="com.picc.umapi.model.UmCookies">
    <!--
      WARNING - @mbg.generated
      This element is automatically generated by MyBatis Generator, do not modify.
    -->
    update UM_COOKIES
    set USERCODE = #{usercode,jdbcType=VARCHAR},
      COOKKEY = #{cookkey,jdbcType=VARCHAR},
      COOKVALUE = #{cookvalue,jdbcType=VARCHAR},
      EXPIREDTIME = #{expiredtime,jdbcType=TIMESTAMP},
      INSERTTIME = #{inserttime,jdbcType=TIMESTAMP}
    where ID = #{id,jdbcType=VARCHAR}
  </update>
</mapper>