<?xml version="1.0" encoding="UTF-8"?>
<!DOCTYPE mapper PUBLIC "-//mybatis.org//DTD Mapper 3.0//EN" "http://mybatis.org/dtd/mybatis-3-mapper.dtd">
<mapper namespace="com.picc.umapi.mapper.base.BaseUmCodedictMapper">
  <resultMap id="BaseResultMap" type="com.picc.umapi.model.UmCodedict">
    <!--
      WARNING - @mbg.generated
      This element is automatically generated by MyBatis Generator, do not modify.
    -->
    <id column="CODEID" jdbcType="VARCHAR" property="codeid" />
    <result column="SYSCODE" jdbcType="VARCHAR" property="syscode" />
    <result column="CODETYPE" jdbcType="VARCHAR" property="codetype" />
    <result column="CODECODE" jdbcType="VARCHAR" property="codecode" />
    <result column="CODENAME" jdbcType="VARCHAR" property="codename" />
    <result column="TOPCODE" jdbcType="VARCHAR" property="topcode" />
    <result column="REMARK" jdbcType="VARCHAR" property="remark" />
    <result column="VALIDSTATUS" jdbcType="VARCHAR" property="validstatus" />
    <result column="INSERTTIME" jdbcType="TIMESTAMP" property="inserttime" />
    <result column="UPDATETIME" jdbcType="TIMESTAMP" property="updatetime" />
  </resultMap>
  <sql id="Base_Column_List">
    <!--
      WARNING - @mbg.generated
      This element is automatically generated by MyBatis Generator, do not modify.
    -->
    CODEID, SYSCODE, CODETYPE, CODECODE, CODENAME, TOPCODE, REMARK, VALIDSTATUS, INSERTTIME, 
    UPDATETIME
  </sql>
  <select id="selectByPrimaryKey" parameterType="java.lang.String" resultMap="BaseResultMap">
    <!--
      WARNING - @mbg.generated
      This element is automatically generated by MyBatis Generator, do not modify.
    -->
    select 
    <include refid="Base_Column_List" />
    from UM_CODEDICT
    where CODEID = #{codeid,jdbcType=VARCHAR}
  </select>
  <insert id="insert" parameterType="com.picc.umapi.model.UmCodedict">
    <!--
      WARNING - @mbg.generated
      This element is automatically generated by MyBatis Generator, do not modify.
    -->
    insert into UM_CODEDICT (CODEID, SYSCODE, CODETYPE, 
      CODECODE, CODENAME, TOPCODE, 
      REMARK, VALIDSTATUS, INSERTTIME, 
      UPDATETIME)
    values (#{codeid,jdbcType=VARCHAR}, #{syscode,jdbcType=VARCHAR}, #{codetype,jdbcType=VARCHAR}, 
      #{codecode,jdbcType=VARCHAR}, #{codename,jdbcType=VARCHAR}, #{topcode,jdbcType=VARCHAR}, 
      #{remark,jdbcType=VARCHAR}, #{validstatus,jdbcType=VARCHAR}, #{inserttime,jdbcType=TIMESTAMP}, 
      #{updatetime,jdbcType=TIMESTAMP})
  </insert>
  <insert id="insertSelective" parameterType="com.picc.umapi.model.UmCodedict">
    <!--
      WARNING - @mbg.generated
      This element is automatically generated by MyBatis Generator, do not modify.
    -->
    insert into UM_CODEDICT
    <trim prefix="(" suffix=")" suffixOverrides=",">
      <if test="codeid != null">
        CODEID,
      </if>
      <if test="syscode != null">
        SYSCODE,
      </if>
      <if test="codetype != null">
        CODETYPE,
      </if>
      <if test="codecode != null">
        CODECODE,
      </if>
      <if test="codename != null">
        CODENAME,
      </if>
      <if test="topcode != null">
        TOPCODE,
      </if>
      <if test="remark != null">
        REMARK,
      </if>
      <if test="validstatus != null">
        VALIDSTATUS,
      </if>
      <if test="inserttime != null">
        INSERTTIME,
      </if>
      <if test="updatetime != null">
        UPDATETIME,
      </if>
    </trim>
    <trim prefix="values (" suffix=")" suffixOverrides=",">
      <if test="codeid != null">
        #{codeid,jdbcType=VARCHAR},
      </if>
      <if test="syscode != null">
        #{syscode,jdbcType=VARCHAR},
      </if>
      <if test="codetype != null">
        #{codetype,jdbcType=VARCHAR},
      </if>
      <if test="codecode != null">
        #{codecode,jdbcType=VARCHAR},
      </if>
      <if test="codename != null">
        #{codename,jdbcType=VARCHAR},
      </if>
      <if test="topcode != null">
        #{topcode,jdbcType=VARCHAR},
      </if>
      <if test="remark != null">
        #{remark,jdbcType=VARCHAR},
      </if>
      <if test="validstatus != null">
        #{validstatus,jdbcType=VARCHAR},
      </if>
      <if test="inserttime != null">
        #{inserttime,jdbcType=TIMESTAMP},
      </if>
      <if test="updatetime != null">
        #{updatetime,jdbcType=TIMESTAMP},
      </if>
    </trim>
  </insert>
  <update id="updateByPrimaryKeySelective" parameterType="com.picc.umapi.model.UmCodedict">
    <!--
      WARNING - @mbg.generated
      This element is automatically generated by MyBatis Generator, do not modify.
    -->
    update UM_CODEDICT
    <set>
      <if test="syscode != null">
        SYSCODE = #{syscode,jdbcType=VARCHAR},
      </if>
      <if test="codetype != null">
        CODETYPE = #{codetype,jdbcType=VARCHAR},
      </if>
      <if test="codecode != null">
        CODECODE = #{codecode,jdbcType=VARCHAR},
      </if>
      <if test="codename != null">
        CODENAME = #{codename,jdbcType=VARCHAR},
      </if>
      <if test="topcode != null">
        TOPCODE = #{topcode,jdbcType=VARCHAR},
      </if>
      <if test="remark != null">
        REMARK = #{remark,jdbcType=VARCHAR},
      </if>
      <if test="validstatus != null">
        VALIDSTATUS = #{validstatus,jdbcType=VARCHAR},
      </if>
      <if test="inserttime != null">
        INSERTTIME = #{inserttime,jdbcType=TIMESTAMP},
      </if>
      <if test="updatetime != null">
        UPDATETIME = #{updatetime,jdbcType=TIMESTAMP},
      </if>
    </set>
    where CODEID = #{codeid,jdbcType=VARCHAR}
  </update>
  <update id="updateByPrimaryKey" parameterType="com.picc.umapi.model.UmCodedict">
    <!--
      WARNING - @mbg.generated
      This element is automatically generated by MyBatis Generator, do not modify.
    -->
    update UM_CODEDICT
    set SYSCODE = #{syscode,jdbcType=VARCHAR},
      CODETYPE = #{codetype,jdbcType=VARCHAR},
      CODECODE = #{codecode,jdbcType=VARCHAR},
      CODENAME = #{codename,jdbcType=VARCHAR},
      TOPCODE = #{topcode,jdbcType=VARCHAR},
      REMARK = #{remark,jdbcType=VARCHAR},
      VALIDSTATUS = #{validstatus,jdbcType=VARCHAR},
      INSERTTIME = #{inserttime,jdbcType=TIMESTAMP},
      UPDATETIME = #{updatetime,jdbcType=TIMESTAMP}
    where CODEID = #{codeid,jdbcType=VARCHAR}
  </update>
</mapper>