<?xml version="1.0" encoding="UTF-8"?>
<!DOCTYPE mapper PUBLIC "-//mybatis.org//DTD Mapper 3.0//EN" "http://mybatis.org/dtd/mybatis-3-mapper.dtd">
<mapper namespace="com.picc.umapi.mapper.base.BaseUmTokenMapper">
  <resultMap id="BaseResultMap" type="com.picc.umapi.model.UmToken">
    <!--
      WARNING - @mbg.generated
      This element is automatically generated by MyBatis Generator, do not modify.
    -->
    <id column="TOKEN" jdbcType="VARCHAR" property="token" />
    <result column="USERCODE" jdbcType="VARCHAR" property="usercode" />
    <result column="USERNAME" jdbcType="VARCHAR" property="username" />
    <result column="OPENID" jdbcType="VARCHAR" property="openid" />
    <result column="VALIDSTATUS" jdbcType="VARCHAR" property="validstatus" />
    <result column="EXPIREDTIME" jdbcType="TIMESTAMP" property="expiredtime" />
    <result column="INSERTTIME" jdbcType="TIMESTAMP" property="inserttime" />
    <result column="UPDATETIME" jdbcType="TIMESTAMP" property="updatetime" />
  </resultMap>
  <sql id="Base_Column_List">
    <!--
      WARNING - @mbg.generated
      This element is automatically generated by MyBatis Generator, do not modify.
    -->
    TOKEN, USERCODE, USERNAME, OPENID, VALIDSTATUS, EXPIREDTIME, INSERTTIME, UPDATETIME
  </sql>
  <select id="selectByPrimaryKey" parameterType="java.lang.String" resultMap="BaseResultMap">
    <!--
      WARNING - @mbg.generated
      This element is automatically generated by MyBatis Generator, do not modify.
    -->
    select 
    <include refid="Base_Column_List" />
    from UM_TOKEN
    where TOKEN = #{token,jdbcType=VARCHAR}
  </select>
  <insert id="insert" parameterType="com.picc.umapi.model.UmToken">
    <!--
      WARNING - @mbg.generated
      This element is automatically generated by MyBatis Generator, do not modify.
    -->
    insert into UM_TOKEN (TOKEN, USERCODE, USERNAME, 
      OPENID, VALIDSTATUS, EXPIREDTIME, 
      INSERTTIME, UPDATETIME)
    values (#{token,jdbcType=VARCHAR}, #{usercode,jdbcType=VARCHAR}, #{username,jdbcType=VARCHAR}, 
      #{openid,jdbcType=VARCHAR}, #{validstatus,jdbcType=VARCHAR}, #{expiredtime,jdbcType=TIMESTAMP}, 
      #{inserttime,jdbcType=TIMESTAMP}, #{updatetime,jdbcType=TIMESTAMP})
  </insert>
  <insert id="insertSelective" parameterType="com.picc.umapi.model.UmToken">
    <!--
      WARNING - @mbg.generated
      This element is automatically generated by MyBatis Generator, do not modify.
    -->
    insert into UM_TOKEN
    <trim prefix="(" suffix=")" suffixOverrides=",">
      <if test="token != null">
        TOKEN,
      </if>
      <if test="usercode != null">
        USERCODE,
      </if>
      <if test="username != null">
        USERNAME,
      </if>
      <if test="openid != null">
        OPENID,
      </if>
      <if test="validstatus != null">
        VALIDSTATUS,
      </if>
      <if test="expiredtime != null">
        EXPIREDTIME,
      </if>
      <if test="inserttime != null">
        INSERTTIME,
      </if>
      <if test="updatetime != null">
        UPDATETIME,
      </if>
    </trim>
    <trim prefix="values (" suffix=")" suffixOverrides=",">
      <if test="token != null">
        #{token,jdbcType=VARCHAR},
      </if>
      <if test="usercode != null">
        #{usercode,jdbcType=VARCHAR},
      </if>
      <if test="username != null">
        #{username,jdbcType=VARCHAR},
      </if>
      <if test="openid != null">
        #{openid,jdbcType=VARCHAR},
      </if>
      <if test="validstatus != null">
        #{validstatus,jdbcType=VARCHAR},
      </if>
      <if test="expiredtime != null">
        #{expiredtime,jdbcType=TIMESTAMP},
      </if>
      <if test="inserttime != null">
        #{inserttime,jdbcType=TIMESTAMP},
      </if>
      <if test="updatetime != null">
        #{updatetime,jdbcType=TIMESTAMP},
      </if>
    </trim>
  </insert>
  <update id="updateByPrimaryKeySelective" parameterType="com.picc.umapi.model.UmToken">
    <!--
      WARNING - @mbg.generated
      This element is automatically generated by MyBatis Generator, do not modify.
    -->
    update UM_TOKEN
    <set>
      <if test="usercode != null">
        USERCODE = #{usercode,jdbcType=VARCHAR},
      </if>
      <if test="username != null">
        USERNAME = #{username,jdbcType=VARCHAR},
      </if>
      <if test="openid != null">
        OPENID = #{openid,jdbcType=VARCHAR},
      </if>
      <if test="validstatus != null">
        VALIDSTATUS = #{validstatus,jdbcType=VARCHAR},
      </if>
      <if test="expiredtime != null">
        EXPIREDTIME = #{expiredtime,jdbcType=TIMESTAMP},
      </if>
      <if test="inserttime != null">
        INSERTTIME = #{inserttime,jdbcType=TIMESTAMP},
      </if>
      <if test="updatetime != null">
        UPDATETIME = #{updatetime,jdbcType=TIMESTAMP},
      </if>
    </set>
    where TOKEN = #{token,jdbcType=VARCHAR}
  </update>
  <update id="updateByPrimaryKey" parameterType="com.picc.umapi.model.UmToken">
    <!--
      WARNING - @mbg.generated
      This element is automatically generated by MyBatis Generator, do not modify.
    -->
    update UM_TOKEN
    set USERCODE = #{usercode,jdbcType=VARCHAR},
      USERNAME = #{username,jdbcType=VARCHAR},
      OPENID = #{openid,jdbcType=VARCHAR},
      VALIDSTATUS = #{validstatus,jdbcType=VARCHAR},
      EXPIREDTIME = #{expiredtime,jdbcType=TIMESTAMP},
      INSERTTIME = #{inserttime,jdbcType=TIMESTAMP},
      UPDATETIME = #{updatetime,jdbcType=TIMESTAMP}
    where TOKEN = #{token,jdbcType=VARCHAR}
  </update>
</mapper>