<?xml version="1.0" encoding="UTF-8"?>
<!DOCTYPE mapper PUBLIC "-//mybatis.org//DTD Mapper 3.0//EN" "http://mybatis.org/dtd/mybatis-3-mapper.dtd">
<mapper namespace="com.picc.umapi.mapper.base.BaseUmDatadictMapper">
  <resultMap id="BaseResultMap" type="com.picc.umapi.model.UmDatadict">
    <!--
      WARNING - @mbg.generated
      This element is automatically generated by MyBatis Generator, do not modify.
    -->
    <id column="DDID" jdbcType="VARCHAR" property="ddid" />
    <result column="NAME" jdbcType="VARCHAR" property="name" />
    <result column="SYSCODE" jdbcType="VARCHAR" property="syscode" />
    <result column="BUSITABLE" jdbcType="VARCHAR" property="busitable" />
    <result column="BUSIFIELD" jdbcType="VARCHAR" property="busifield" />
    <result column="REMARK" jdbcType="VARCHAR" property="remark" />
    <result column="VALIDSTATUS" jdbcType="VARCHAR" property="validstatus" />
    <result column="INSERTTIME" jdbcType="TIMESTAMP" property="inserttime" />
    <result column="UPDATETIME" jdbcType="TIMESTAMP" property="updatetime" />
  </resultMap>
  <sql id="Base_Column_List">
    <!--
      WARNING - @mbg.generated
      This element is automatically generated by MyBatis Generator, do not modify.
    -->
    DDID, NAME, SYSCODE, BUSITABLE, BUSIFIELD, REMARK, VALIDSTATUS, INSERTTIME, UPDATETIME
  </sql>
  <select id="selectByPrimaryKey" parameterType="java.lang.String" resultMap="BaseResultMap">
    <!--
      WARNING - @mbg.generated
      This element is automatically generated by MyBatis Generator, do not modify.
    -->
    select 
    <include refid="Base_Column_List" />
    from UM_DATADICT
    where DDID = #{ddid,jdbcType=VARCHAR}
  </select>
  <insert id="insert" parameterType="com.picc.umapi.model.UmDatadict">
    <!--
      WARNING - @mbg.generated
      This element is automatically generated by MyBatis Generator, do not modify.
    -->
    insert into UM_DATADICT (DDID, NAME, SYSCODE, 
      BUSITABLE, BUSIFIELD, REMARK, 
      VALIDSTATUS, INSERTTIME, UPDATETIME
      )
    values (#{ddid,jdbcType=VARCHAR}, #{name,jdbcType=VARCHAR}, #{syscode,jdbcType=VARCHAR}, 
      #{busitable,jdbcType=VARCHAR}, #{busifield,jdbcType=VARCHAR}, #{remark,jdbcType=VARCHAR}, 
      #{validstatus,jdbcType=VARCHAR}, #{inserttime,jdbcType=TIMESTAMP}, #{updatetime,jdbcType=TIMESTAMP}
      )
  </insert>
  <insert id="insertSelective" parameterType="com.picc.umapi.model.UmDatadict">
    <!--
      WARNING - @mbg.generated
      This element is automatically generated by MyBatis Generator, do not modify.
    -->
    insert into UM_DATADICT
    <trim prefix="(" suffix=")" suffixOverrides=",">
      <if test="ddid != null">
        DDID,
      </if>
      <if test="name != null">
        NAME,
      </if>
      <if test="syscode != null">
        SYSCODE,
      </if>
      <if test="busitable != null">
        BUSITABLE,
      </if>
      <if test="busifield != null">
        BUSIFIELD,
      </if>
      <if test="remark != null">
        REMARK,
      </if>
      <if test="validstatus != null">
        VALIDSTATUS,
      </if>
      <if test="inserttime != null">
        INSERTTIME,
      </if>
      <if test="updatetime != null">
        UPDATETIME,
      </if>
    </trim>
    <trim prefix="values (" suffix=")" suffixOverrides=",">
      <if test="ddid != null">
        #{ddid,jdbcType=VARCHAR},
      </if>
      <if test="name != null">
        #{name,jdbcType=VARCHAR},
      </if>
      <if test="syscode != null">
        #{syscode,jdbcType=VARCHAR},
      </if>
      <if test="busitable != null">
        #{busitable,jdbcType=VARCHAR},
      </if>
      <if test="busifield != null">
        #{busifield,jdbcType=VARCHAR},
      </if>
      <if test="remark != null">
        #{remark,jdbcType=VARCHAR},
      </if>
      <if test="validstatus != null">
        #{validstatus,jdbcType=VARCHAR},
      </if>
      <if test="inserttime != null">
        #{inserttime,jdbcType=TIMESTAMP},
      </if>
      <if test="updatetime != null">
        #{updatetime,jdbcType=TIMESTAMP},
      </if>
    </trim>
  </insert>
  <update id="updateByPrimaryKeySelective" parameterType="com.picc.umapi.model.UmDatadict">
    <!--
      WARNING - @mbg.generated
      This element is automatically generated by MyBatis Generator, do not modify.
    -->
    update UM_DATADICT
    <set>
      <if test="name != null">
        NAME = #{name,jdbcType=VARCHAR},
      </if>
      <if test="syscode != null">
        SYSCODE = #{syscode,jdbcType=VARCHAR},
      </if>
      <if test="busitable != null">
        BUSITABLE = #{busitable,jdbcType=VARCHAR},
      </if>
      <if test="busifield != null">
        BUSIFIELD = #{busifield,jdbcType=VARCHAR},
      </if>
      <if test="remark != null">
        REMARK = #{remark,jdbcType=VARCHAR},
      </if>
      <if test="validstatus != null">
        VALIDSTATUS = #{validstatus,jdbcType=VARCHAR},
      </if>
      <if test="inserttime != null">
        INSERTTIME = #{inserttime,jdbcType=TIMESTAMP},
      </if>
      <if test="updatetime != null">
        UPDATETIME = #{updatetime,jdbcType=TIMESTAMP},
      </if>
    </set>
    where DDID = #{ddid,jdbcType=VARCHAR}
  </update>
  <update id="updateByPrimaryKey" parameterType="com.picc.umapi.model.UmDatadict">
    <!--
      WARNING - @mbg.generated
      This element is automatically generated by MyBatis Generator, do not modify.
    -->
    update UM_DATADICT
    set NAME = #{name,jdbcType=VARCHAR},
      SYSCODE = #{syscode,jdbcType=VARCHAR},
      BUSITABLE = #{busitable,jdbcType=VARCHAR},
      BUSIFIELD = #{busifield,jdbcType=VARCHAR},
      REMARK = #{remark,jdbcType=VARCHAR},
      VALIDSTATUS = #{validstatus,jdbcType=VARCHAR},
      INSERTTIME = #{inserttime,jdbcType=TIMESTAMP},
      UPDATETIME = #{updatetime,jdbcType=TIMESTAMP}
    where DDID = #{ddid,jdbcType=VARCHAR}
  </update>
</mapper>