<?xml version="1.0" encoding="UTF-8"?>
<!DOCTYPE mapper PUBLIC "-//mybatis.org//DTD Mapper 3.0//EN" "http://mybatis.org/dtd/mybatis-3-mapper.dtd">
<mapper namespace="com.picc.umapi.mapper.base.BaseUmRoleMapper">
  <resultMap id="BaseResultMap" type="com.picc.umapi.model.UmRole">
    <!--
      WARNING - @mbg.generated
      This element is automatically generated by MyBatis Generator, do not modify.
    -->
    <id column="ROLEID" jdbcType="VARCHAR" property="roleid" />
    <result column="ROLENAME" jdbcType="VARCHAR" property="rolename" />
    <result column="SYSCODE" jdbcType="VARCHAR" property="syscode" />
    <result column="REMARK" jdbcType="VARCHAR" property="remark" />
    <result column="VALIDSTATUS" jdbcType="VARCHAR" property="validstatus" />
    <result column="INSERTTIME" jdbcType="TIMESTAMP" property="inserttime" />
    <result column="UPDATETIME" jdbcType="TIMESTAMP" property="updatetime" />
  </resultMap>
  <sql id="Base_Column_List">
    <!--
      WARNING - @mbg.generated
      This element is automatically generated by MyBatis Generator, do not modify.
    -->
    ROLEID, ROLENAME, SYSCODE, REMARK, VALIDSTATUS, INSERTTIME, UPDATETIME
  </sql>
  <select id="selectByPrimaryKey" parameterType="java.lang.String" resultMap="BaseResultMap">
    <!--
      WARNING - @mbg.generated
      This element is automatically generated by MyBatis Generator, do not modify.
    -->
    select 
    <include refid="Base_Column_List" />
    from UM_ROLE
    where ROLEID = #{roleid,jdbcType=VARCHAR}
  </select>
  <insert id="insert" parameterType="com.picc.umapi.model.UmRole">
    <!--
      WARNING - @mbg.generated
      This element is automatically generated by MyBatis Generator, do not modify.
    -->
    insert into UM_ROLE (ROLEID, ROLENAME, SYSCODE, 
      REMARK, VALIDSTATUS, INSERTTIME, 
      UPDATETIME)
    values (#{roleid,jdbcType=VARCHAR}, #{rolename,jdbcType=VARCHAR}, #{syscode,jdbcType=VARCHAR}, 
      #{remark,jdbcType=VARCHAR}, #{validstatus,jdbcType=VARCHAR}, #{inserttime,jdbcType=TIMESTAMP}, 
      #{updatetime,jdbcType=TIMESTAMP})
  </insert>
  <insert id="insertSelective" parameterType="com.picc.umapi.model.UmRole">
    <!--
      WARNING - @mbg.generated
      This element is automatically generated by MyBatis Generator, do not modify.
    -->
    insert into UM_ROLE
    <trim prefix="(" suffix=")" suffixOverrides=",">
      <if test="roleid != null">
        ROLEID,
      </if>
      <if test="rolename != null">
        ROLENAME,
      </if>
      <if test="syscode != null">
        SYSCODE,
      </if>
      <if test="remark != null">
        REMARK,
      </if>
      <if test="validstatus != null">
        VALIDSTATUS,
      </if>
      <if test="inserttime != null">
        INSERTTIME,
      </if>
      <if test="updatetime != null">
        UPDATETIME,
      </if>
    </trim>
    <trim prefix="values (" suffix=")" suffixOverrides=",">
      <if test="roleid != null">
        #{roleid,jdbcType=VARCHAR},
      </if>
      <if test="rolename != null">
        #{rolename,jdbcType=VARCHAR},
      </if>
      <if test="syscode != null">
        #{syscode,jdbcType=VARCHAR},
      </if>
      <if test="remark != null">
        #{remark,jdbcType=VARCHAR},
      </if>
      <if test="validstatus != null">
        #{validstatus,jdbcType=VARCHAR},
      </if>
      <if test="inserttime != null">
        #{inserttime,jdbcType=TIMESTAMP},
      </if>
      <if test="updatetime != null">
        #{updatetime,jdbcType=TIMESTAMP},
      </if>
    </trim>
  </insert>
  <update id="updateByPrimaryKeySelective" parameterType="com.picc.umapi.model.UmRole">
    <!--
      WARNING - @mbg.generated
      This element is automatically generated by MyBatis Generator, do not modify.
    -->
    update UM_ROLE
    <set>
      <if test="rolename != null">
        ROLENAME = #{rolename,jdbcType=VARCHAR},
      </if>
      <if test="syscode != null">
        SYSCODE = #{syscode,jdbcType=VARCHAR},
      </if>
      <if test="remark != null">
        REMARK = #{remark,jdbcType=VARCHAR},
      </if>
      <if test="validstatus != null">
        VALIDSTATUS = #{validstatus,jdbcType=VARCHAR},
      </if>
      <if test="inserttime != null">
        INSERTTIME = #{inserttime,jdbcType=TIMESTAMP},
      </if>
      <if test="updatetime != null">
        UPDATETIME = #{updatetime,jdbcType=TIMESTAMP},
      </if>
    </set>
    where ROLEID = #{roleid,jdbcType=VARCHAR}
  </update>
  <update id="updateByPrimaryKey" parameterType="com.picc.umapi.model.UmRole">
    <!--
      WARNING - @mbg.generated
      This element is automatically generated by MyBatis Generator, do not modify.
    -->
    update UM_ROLE
    set ROLENAME = #{rolename,jdbcType=VARCHAR},
      SYSCODE = #{syscode,jdbcType=VARCHAR},
      REMARK = #{remark,jdbcType=VARCHAR},
      VALIDSTATUS = #{validstatus,jdbcType=VARCHAR},
      INSERTTIME = #{inserttime,jdbcType=TIMESTAMP},
      UPDATETIME = #{updatetime,jdbcType=TIMESTAMP}
    where ROLEID = #{roleid,jdbcType=VARCHAR}
  </update>
</mapper>