<?xml version="1.0" encoding="UTF-8"?>
<!DOCTYPE mapper PUBLIC "-//mybatis.org//DTD Mapper 3.0//EN" "http://mybatis.org/dtd/mybatis-3-mapper.dtd">
<mapper namespace="com.picc.umapi.mapper.base.BaseUmModuledictMapper">
  <resultMap id="BaseResultMap" type="com.picc.umapi.model.UmModuledict">
    <!--
      WARNING - @mbg.generated
      This element is automatically generated by MyBatis Generator, do not modify.
    -->
    <id column="MDID" jdbcType="VARCHAR" property="mdid" />
    <result column="NAME" jdbcType="VARCHAR" property="name" />
    <result column="URI" jdbcType="VARCHAR" property="uri" />
    <result column="COMPONENT" jdbcType="VARCHAR" property="component" />
    <result column="REDIRECT" jdbcType="VARCHAR" property="redirect" />
    <result column="ICON" jdbcType="VARCHAR" property="icon" />
    <result column="TOPID" jdbcType="VARCHAR" property="topid" />
    <result column="SYSCODE" jdbcType="VARCHAR" property="syscode" />
    <result column="TYPE" jdbcType="VARCHAR" property="type" />
    <result column="VALIDSTATUS" jdbcType="VARCHAR" property="validstatus" />
    <result column="INSERTTIME" jdbcType="TIMESTAMP" property="inserttime" />
    <result column="UPDATETIME" jdbcType="TIMESTAMP" property="updatetime" />
    <result column="SHOWTYPE" jdbcType="VARCHAR" property="showtype" />
    <result column="REFID" jdbcType="VARCHAR" property="refid" />
  </resultMap>
  <sql id="Base_Column_List">
    <!--
      WARNING - @mbg.generated
      This element is automatically generated by MyBatis Generator, do not modify.
    -->
    MDID, NAME, URI, COMPONENT, REDIRECT, ICON, TOPID, SYSCODE, TYPE, VALIDSTATUS, INSERTTIME, 
    UPDATETIME, SHOWTYPE, REFID
  </sql>
  <select id="selectByPrimaryKey" parameterType="java.lang.String" resultMap="BaseResultMap">
    <!--
      WARNING - @mbg.generated
      This element is automatically generated by MyBatis Generator, do not modify.
    -->
    select 
    <include refid="Base_Column_List" />
    from UM_MODULEDICT
    where MDID = #{mdid,jdbcType=VARCHAR}
  </select>
  <insert id="insert" parameterType="com.picc.umapi.model.UmModuledict">
    <!--
      WARNING - @mbg.generated
      This element is automatically generated by MyBatis Generator, do not modify.
    -->
    insert into UM_MODULEDICT (MDID, NAME, URI, 
      COMPONENT, REDIRECT, ICON, 
      TOPID, SYSCODE, TYPE, 
      VALIDSTATUS, INSERTTIME, UPDATETIME, 
      SHOWTYPE, REFID)
    values (#{mdid,jdbcType=VARCHAR}, #{name,jdbcType=VARCHAR}, #{uri,jdbcType=VARCHAR}, 
      #{component,jdbcType=VARCHAR}, #{redirect,jdbcType=VARCHAR}, #{icon,jdbcType=VARCHAR}, 
      #{topid,jdbcType=VARCHAR}, #{syscode,jdbcType=VARCHAR}, #{type,jdbcType=VARCHAR}, 
      #{validstatus,jdbcType=VARCHAR}, #{inserttime,jdbcType=TIMESTAMP}, #{updatetime,jdbcType=TIMESTAMP}, 
      #{showtype,jdbcType=VARCHAR}, #{refid,jdbcType=VARCHAR})
  </insert>
  <insert id="insertSelective" parameterType="com.picc.umapi.model.UmModuledict">
    <!--
      WARNING - @mbg.generated
      This element is automatically generated by MyBatis Generator, do not modify.
    -->
    insert into UM_MODULEDICT
    <trim prefix="(" suffix=")" suffixOverrides=",">
      <if test="mdid != null">
        MDID,
      </if>
      <if test="name != null">
        NAME,
      </if>
      <if test="uri != null">
        URI,
      </if>
      <if test="component != null">
        COMPONENT,
      </if>
      <if test="redirect != null">
        REDIRECT,
      </if>
      <if test="icon != null">
        ICON,
      </if>
      <if test="topid != null">
        TOPID,
      </if>
      <if test="syscode != null">
        SYSCODE,
      </if>
      <if test="type != null">
        TYPE,
      </if>
      <if test="validstatus != null">
        VALIDSTATUS,
      </if>
      <if test="inserttime != null">
        INSERTTIME,
      </if>
      <if test="updatetime != null">
        UPDATETIME,
      </if>
      <if test="showtype != null">
        SHOWTYPE,
      </if>
      <if test="refid != null">
        REFID,
      </if>
    </trim>
    <trim prefix="values (" suffix=")" suffixOverrides=",">
      <if test="mdid != null">
        #{mdid,jdbcType=VARCHAR},
      </if>
      <if test="name != null">
        #{name,jdbcType=VARCHAR},
      </if>
      <if test="uri != null">
        #{uri,jdbcType=VARCHAR},
      </if>
      <if test="component != null">
        #{component,jdbcType=VARCHAR},
      </if>
      <if test="redirect != null">
        #{redirect,jdbcType=VARCHAR},
      </if>
      <if test="icon != null">
        #{icon,jdbcType=VARCHAR},
      </if>
      <if test="topid != null">
        #{topid,jdbcType=VARCHAR},
      </if>
      <if test="syscode != null">
        #{syscode,jdbcType=VARCHAR},
      </if>
      <if test="type != null">
        #{type,jdbcType=VARCHAR},
      </if>
      <if test="validstatus != null">
        #{validstatus,jdbcType=VARCHAR},
      </if>
      <if test="inserttime != null">
        #{inserttime,jdbcType=TIMESTAMP},
      </if>
      <if test="updatetime != null">
        #{updatetime,jdbcType=TIMESTAMP},
      </if>
      <if test="showtype != null">
        #{showtype,jdbcType=VARCHAR},
      </if>
      <if test="refid != null">
        #{refid,jdbcType=VARCHAR},
      </if>
    </trim>
  </insert>
  <update id="updateByPrimaryKeySelective" parameterType="com.picc.umapi.model.UmModuledict">
    <!--
      WARNING - @mbg.generated
      This element is automatically generated by MyBatis Generator, do not modify.
    -->
    update UM_MODULEDICT
    <set>
      <if test="name != null">
        NAME = #{name,jdbcType=VARCHAR},
      </if>
      <if test="uri != null">
        URI = #{uri,jdbcType=VARCHAR},
      </if>
      <if test="component != null">
        COMPONENT = #{component,jdbcType=VARCHAR},
      </if>
      <if test="redirect != null">
        REDIRECT = #{redirect,jdbcType=VARCHAR},
      </if>
      <if test="icon != null">
        ICON = #{icon,jdbcType=VARCHAR},
      </if>
      <if test="topid != null">
        TOPID = #{topid,jdbcType=VARCHAR},
      </if>
      <if test="syscode != null">
        SYSCODE = #{syscode,jdbcType=VARCHAR},
      </if>
      <if test="type != null">
        TYPE = #{type,jdbcType=VARCHAR},
      </if>
      <if test="validstatus != null">
        VALIDSTATUS = #{validstatus,jdbcType=VARCHAR},
      </if>
      <if test="inserttime != null">
        INSERTTIME = #{inserttime,jdbcType=TIMESTAMP},
      </if>
      <if test="updatetime != null">
        UPDATETIME = #{updatetime,jdbcType=TIMESTAMP},
      </if>
      <if test="showtype != null">
        SHOWTYPE = #{showtype,jdbcType=VARCHAR},
      </if>
      <if test="refid != null">
        REFID = #{refid,jdbcType=VARCHAR},
      </if>
    </set>
    where MDID = #{mdid,jdbcType=VARCHAR}
  </update>
  <update id="updateByPrimaryKey" parameterType="com.picc.umapi.model.UmModuledict">
    <!--
      WARNING - @mbg.generated
      This element is automatically generated by MyBatis Generator, do not modify.
    -->
    update UM_MODULEDICT
    set NAME = #{name,jdbcType=VARCHAR},
      URI = #{uri,jdbcType=VARCHAR},
      COMPONENT = #{component,jdbcType=VARCHAR},
      REDIRECT = #{redirect,jdbcType=VARCHAR},
      ICON = #{icon,jdbcType=VARCHAR},
      TOPID = #{topid,jdbcType=VARCHAR},
      SYSCODE = #{syscode,jdbcType=VARCHAR},
      TYPE = #{type,jdbcType=VARCHAR},
      VALIDSTATUS = #{validstatus,jdbcType=VARCHAR},
      INSERTTIME = #{inserttime,jdbcType=TIMESTAMP},
      UPDATETIME = #{updatetime,jdbcType=TIMESTAMP},
      SHOWTYPE = #{showtype,jdbcType=VARCHAR},
      REFID = #{refid,jdbcType=VARCHAR}
    where MDID = #{mdid,jdbcType=VARCHAR}
  </update>
</mapper>