<?xml version="1.0" encoding="UTF-8"?>
<!DOCTYPE mapper PUBLIC "-//mybatis.org//DTD Mapper 3.0//EN" "http://mybatis.org/dtd/mybatis-3-mapper.dtd">
<mapper namespace="com.picc.umapi.mapper.base.BaseUmUserroleMapper">
  <resultMap id="BaseResultMap" type="com.picc.umapi.model.UmUserrole">
    <!--
      WARNING - @mbg.generated
      This element is automatically generated by MyBatis Generator, do not modify.
    -->
    <id column="URID" jdbcType="VARCHAR" property="urid" />
    <result column="USERCODE" jdbcType="VARCHAR" property="usercode" />
    <result column="USERID" jdbcType="VARCHAR" property="userid" />
    <result column="ROLEID" jdbcType="VARCHAR" property="roleid" />
    <result column="VALIDSTATUS" jdbcType="VARCHAR" property="validstatus" />
  </resultMap>
  <sql id="Base_Column_List">
    <!--
      WARNING - @mbg.generated
      This element is automatically generated by MyBatis Generator, do not modify.
    -->
    URID, USERCODE, USERID, ROLEID, VALIDSTATUS
  </sql>
  <select id="selectByPrimaryKey" parameterType="java.lang.String" resultMap="BaseResultMap">
    <!--
      WARNING - @mbg.generated
      This element is automatically generated by MyBatis Generator, do not modify.
    -->
    select 
    <include refid="Base_Column_List" />
    from UM_USERROLE
    where URID = #{urid,jdbcType=VARCHAR}
  </select>
  <insert id="insert" parameterType="com.picc.umapi.model.UmUserrole">
    <!--
      WARNING - @mbg.generated
      This element is automatically generated by MyBatis Generator, do not modify.
    -->
    insert into UM_USERROLE (URID, USERCODE, USERID, 
      ROLEID, VALIDSTATUS)
    values (#{urid,jdbcType=VARCHAR}, #{usercode,jdbcType=VARCHAR}, #{userid,jdbcType=VARCHAR}, 
      #{roleid,jdbcType=VARCHAR}, #{validstatus,jdbcType=VARCHAR})
  </insert>
  <insert id="insertSelective" parameterType="com.picc.umapi.model.UmUserrole">
    <!--
      WARNING - @mbg.generated
      This element is automatically generated by MyBatis Generator, do not modify.
    -->
    insert into UM_USERROLE
    <trim prefix="(" suffix=")" suffixOverrides=",">
      <if test="urid != null">
        URID,
      </if>
      <if test="usercode != null">
        USERCODE,
      </if>
      <if test="userid != null">
        USERID,
      </if>
      <if test="roleid != null">
        ROLEID,
      </if>
      <if test="validstatus != null">
        VALIDSTATUS,
      </if>
    </trim>
    <trim prefix="values (" suffix=")" suffixOverrides=",">
      <if test="urid != null">
        #{urid,jdbcType=VARCHAR},
      </if>
      <if test="usercode != null">
        #{usercode,jdbcType=VARCHAR},
      </if>
      <if test="userid != null">
        #{userid,jdbcType=VARCHAR},
      </if>
      <if test="roleid != null">
        #{roleid,jdbcType=VARCHAR},
      </if>
      <if test="validstatus != null">
        #{validstatus,jdbcType=VARCHAR},
      </if>
    </trim>
  </insert>
  <update id="updateByPrimaryKeySelective" parameterType="com.picc.umapi.model.UmUserrole">
    <!--
      WARNING - @mbg.generated
      This element is automatically generated by MyBatis Generator, do not modify.
    -->
    update UM_USERROLE
    <set>
      <if test="usercode != null">
        USERCODE = #{usercode,jdbcType=VARCHAR},
      </if>
      <if test="userid != null">
        USERID = #{userid,jdbcType=VARCHAR},
      </if>
      <if test="roleid != null">
        ROLEID = #{roleid,jdbcType=VARCHAR},
      </if>
      <if test="validstatus != null">
        VALIDSTATUS = #{validstatus,jdbcType=VARCHAR},
      </if>
    </set>
    where URID = #{urid,jdbcType=VARCHAR}
  </update>
  <update id="updateByPrimaryKey" parameterType="com.picc.umapi.model.UmUserrole">
    <!--
      WARNING - @mbg.generated
      This element is automatically generated by MyBatis Generator, do not modify.
    -->
    update UM_USERROLE
    set USERCODE = #{usercode,jdbcType=VARCHAR},
      USERID = #{userid,jdbcType=VARCHAR},
      ROLEID = #{roleid,jdbcType=VARCHAR},
      VALIDSTATUS = #{validstatus,jdbcType=VARCHAR}
    where URID = #{urid,jdbcType=VARCHAR}
  </update>
</mapper>