<?xml version="1.0" encoding="UTF-8"?>
<!DOCTYPE mapper PUBLIC "-//mybatis.org//DTD Mapper 3.0//EN" "http://mybatis.org/dtd/mybatis-3-mapper.dtd">
<mapper namespace="com.picc.umapi.mapper.base.BaseUmTaskPostMapper">
  <resultMap id="BaseResultMap" type="com.picc.umapi.model.UmTaskPost">
    <!--
      WARNING - @mbg.generated
      This element is automatically generated by MyBatis Generator, do not modify.
    -->
    <id column="ID" jdbcType="VARCHAR" property="id" />
    <result column="TASKCODE" jdbcType="VARCHAR" property="taskcode" />
    <result column="TASKNAME" jdbcType="VARCHAR" property="taskname" />
  </resultMap>
  <sql id="Base_Column_List">
    <!--
      WARNING - @mbg.generated
      This element is automatically generated by MyBatis Generator, do not modify.
    -->
    ID, TASKCODE, TASKNAME
  </sql>
  <select id="selectByPrimaryKey" parameterType="java.lang.String" resultMap="BaseResultMap">
    <!--
      WARNING - @mbg.generated
      This element is automatically generated by MyBatis Generator, do not modify.
    -->
    select 
    <include refid="Base_Column_List" />
    from UM_TASKPOST
    where ID = #{id,jdbcType=VARCHAR}
  </select>
  <insert id="insert" parameterType="com.picc.umapi.model.UmTaskPost">
    <!--
      WARNING - @mbg.generated
      This element is automatically generated by MyBatis Generator, do not modify.
    -->
    insert into UM_TASKPOST (ID, TASKCODE, TASKNAME
      )
    values (#{id,jdbcType=VARCHAR}, #{taskcode,jdbcType=VARCHAR}, #{taskname,jdbcType=VARCHAR}
      )
  </insert>
  <insert id="insertSelective" parameterType="com.picc.umapi.model.UmTaskPost">
    <!--
      WARNING - @mbg.generated
      This element is automatically generated by MyBatis Generator, do not modify.
    -->
    insert into UM_TASKPOST
    <trim prefix="(" suffix=")" suffixOverrides=",">
      <if test="id != null">
        ID,
      </if>
      <if test="taskcode != null">
        TASKCODE,
      </if>
      <if test="taskname != null">
        TASKNAME,
      </if>
    </trim>
    <trim prefix="values (" suffix=")" suffixOverrides=",">
      <if test="id != null">
        #{id,jdbcType=VARCHAR},
      </if>
      <if test="taskcode != null">
        #{taskcode,jdbcType=VARCHAR},
      </if>
      <if test="taskname != null">
        #{taskname,jdbcType=VARCHAR},
      </if>
    </trim>
  </insert>
  <update id="updateByPrimaryKeySelective" parameterType="com.picc.umapi.model.UmTaskPost">
    <!--
      WARNING - @mbg.generated
      This element is automatically generated by MyBatis Generator, do not modify.
    -->
    update UM_TASKPOST
    <set>
      <if test="taskcode != null">
        TASKCODE = #{taskcode,jdbcType=VARCHAR},
      </if>
      <if test="taskname != null">
        TASKNAME = #{taskname,jdbcType=VARCHAR},
      </if>
    </set>
    where ID = #{id,jdbcType=VARCHAR}
  </update>
  <update id="updateByPrimaryKey" parameterType="com.picc.umapi.model.UmTaskPost">
    <!--
      WARNING - @mbg.generated
      This element is automatically generated by MyBatis Generator, do not modify.
    -->
    update UM_TASKPOST
    set TASKCODE = #{taskcode,jdbcType=VARCHAR},
      TASKNAME = #{taskname,jdbcType=VARCHAR}
    where ID = #{id,jdbcType=VARCHAR}
  </update>
</mapper>