<?xml version="1.0" encoding="UTF-8"?>
<!DOCTYPE mapper PUBLIC "-//mybatis.org//DTD Mapper 3.0//EN" "http://mybatis.org/dtd/mybatis-3-mapper.dtd">
<mapper namespace="com.picc.umapi.mapper.base.BaseUmModuleauthMapper">
  <resultMap id="BaseResultMap" type="com.picc.umapi.model.UmModuleauth">
    <!--
      WARNING - @mbg.generated
      This element is automatically generated by MyBatis Generator, do not modify.
    -->
    <id column="MAID" jdbcType="VARCHAR" property="maid" />
    <id column="MDID" jdbcType="VARCHAR" property="mdid" />
    <id column="USERCODE" jdbcType="VARCHAR" property="usercode" />
    <result column="SYSCODE" jdbcType="VARCHAR" property="syscode" />
  </resultMap>
  <sql id="Base_Column_List">
    <!--
      WARNING - @mbg.generated
      This element is automatically generated by MyBatis Generator, do not modify.
    -->
    MAID, MDID, USERCODE, SYSCODE
  </sql>
  <select id="selectByPrimaryKey" parameterType="map" resultMap="BaseResultMap">
    <!--
      WARNING - @mbg.generated
      This element is automatically generated by MyBatis Generator, do not modify.
    -->
    select 
    <include refid="Base_Column_List" />
    from UM_MODULEAUTH
    where MAID = #{maid,jdbcType=VARCHAR}
      and MDID = #{mdid,jdbcType=VARCHAR}
      and USERCODE = #{usercode,jdbcType=VARCHAR}
  </select>
  <insert id="insert" parameterType="com.picc.umapi.model.UmModuleauth">
    <!--
      WARNING - @mbg.generated
      This element is automatically generated by MyBatis Generator, do not modify.
    -->
    insert into UM_MODULEAUTH (MAID, MDID, USERCODE, 
      SYSCODE)
    values (#{maid,jdbcType=VARCHAR}, #{mdid,jdbcType=VARCHAR}, #{usercode,jdbcType=VARCHAR}, 
      #{syscode,jdbcType=VARCHAR})
  </insert>
  <insert id="insertSelective" parameterType="com.picc.umapi.model.UmModuleauth">
    <!--
      WARNING - @mbg.generated
      This element is automatically generated by MyBatis Generator, do not modify.
    -->
    insert into UM_MODULEAUTH
    <trim prefix="(" suffix=")" suffixOverrides=",">
      <if test="maid != null">
        MAID,
      </if>
      <if test="mdid != null">
        MDID,
      </if>
      <if test="usercode != null">
        USERCODE,
      </if>
      <if test="syscode != null">
        SYSCODE,
      </if>
    </trim>
    <trim prefix="values (" suffix=")" suffixOverrides=",">
      <if test="maid != null">
        #{maid,jdbcType=VARCHAR},
      </if>
      <if test="mdid != null">
        #{mdid,jdbcType=VARCHAR},
      </if>
      <if test="usercode != null">
        #{usercode,jdbcType=VARCHAR},
      </if>
      <if test="syscode != null">
        #{syscode,jdbcType=VARCHAR},
      </if>
    </trim>
  </insert>
  <update id="updateByPrimaryKeySelective" parameterType="com.picc.umapi.model.UmModuleauth">
    <!--
      WARNING - @mbg.generated
      This element is automatically generated by MyBatis Generator, do not modify.
    -->
    update UM_MODULEAUTH
    <set>
      <if test="syscode != null">
        SYSCODE = #{syscode,jdbcType=VARCHAR},
      </if>
    </set>
    where MAID = #{maid,jdbcType=VARCHAR}
      and MDID = #{mdid,jdbcType=VARCHAR}
      and USERCODE = #{usercode,jdbcType=VARCHAR}
  </update>
  <update id="updateByPrimaryKey" parameterType="com.picc.umapi.model.UmModuleauth">
    <!--
      WARNING - @mbg.generated
      This element is automatically generated by MyBatis Generator, do not modify.
    -->
    update UM_MODULEAUTH
    set SYSCODE = #{syscode,jdbcType=VARCHAR}
    where MAID = #{maid,jdbcType=VARCHAR}
      and MDID = #{mdid,jdbcType=VARCHAR}
      and USERCODE = #{usercode,jdbcType=VARCHAR}
  </update>
</mapper>