<?xml version="1.0" encoding="UTF-8"?>
<!DOCTYPE mapper PUBLIC "-//mybatis.org//DTD Mapper 3.0//EN" "http://mybatis.org/dtd/mybatis-3-mapper.dtd">
<mapper namespace="com.picc.umapi.mapper.base.BaseUmRoleDataauthMapper">
  <resultMap id="BaseResultMap" type="com.picc.umapi.model.UmRoleDataauth">
    <!--
      WARNING - @mbg.generated
      This element is automatically generated by MyBatis Generator, do not modify.
    -->
    <id column="DAID" jdbcType="VARCHAR" property="daid" />
    <result column="DDID" jdbcType="VARCHAR" property="ddid" />
    <result column="ROLEID" jdbcType="VARCHAR" property="roleid" />
    <result column="MARK" jdbcType="VARCHAR" property="mark" />
    <result column="VALUE" jdbcType="VARCHAR" property="value" />
    <result column="VALIDSTATUS" jdbcType="VARCHAR" property="validstatus" />
    <result column="INSERTTIME" jdbcType="TIMESTAMP" property="inserttime" />
    <result column="UPDATETIME" jdbcType="TIMESTAMP" property="updatetime" />
  </resultMap>
  <sql id="Base_Column_List">
    <!--
      WARNING - @mbg.generated
      This element is automatically generated by MyBatis Generator, do not modify.
    -->
    DAID, DDID, ROLEID, MARK, VALUE, VALIDSTATUS, INSERTTIME, UPDATETIME
  </sql>
  <select id="selectByPrimaryKey" parameterType="java.lang.String" resultMap="BaseResultMap">
    <!--
      WARNING - @mbg.generated
      This element is automatically generated by MyBatis Generator, do not modify.
    -->
    select 
    <include refid="Base_Column_List" />
    from UM_ROLE_DATAAUTH
    where DAID = #{daid,jdbcType=VARCHAR}
  </select>
  <insert id="insert" parameterType="com.picc.umapi.model.UmRoleDataauth">
    <!--
      WARNING - @mbg.generated
      This element is automatically generated by MyBatis Generator, do not modify.
    -->
    insert into UM_ROLE_DATAAUTH (DAID, DDID, ROLEID, 
      MARK, VALUE, VALIDSTATUS, 
      INSERTTIME, UPDATETIME)
    values (#{daid,jdbcType=VARCHAR}, #{ddid,jdbcType=VARCHAR}, #{roleid,jdbcType=VARCHAR}, 
      #{mark,jdbcType=VARCHAR}, #{value,jdbcType=VARCHAR}, #{validstatus,jdbcType=VARCHAR}, 
      #{inserttime,jdbcType=TIMESTAMP}, #{updatetime,jdbcType=TIMESTAMP})
  </insert>
  <insert id="insertSelective" parameterType="com.picc.umapi.model.UmRoleDataauth">
    <!--
      WARNING - @mbg.generated
      This element is automatically generated by MyBatis Generator, do not modify.
    -->
    insert into UM_ROLE_DATAAUTH
    <trim prefix="(" suffix=")" suffixOverrides=",">
      <if test="daid != null">
        DAID,
      </if>
      <if test="ddid != null">
        DDID,
      </if>
      <if test="roleid != null">
        ROLEID,
      </if>
      <if test="mark != null">
        MARK,
      </if>
      <if test="value != null">
        VALUE,
      </if>
      <if test="validstatus != null">
        VALIDSTATUS,
      </if>
      <if test="inserttime != null">
        INSERTTIME,
      </if>
      <if test="updatetime != null">
        UPDATETIME,
      </if>
    </trim>
    <trim prefix="values (" suffix=")" suffixOverrides=",">
      <if test="daid != null">
        #{daid,jdbcType=VARCHAR},
      </if>
      <if test="ddid != null">
        #{ddid,jdbcType=VARCHAR},
      </if>
      <if test="roleid != null">
        #{roleid,jdbcType=VARCHAR},
      </if>
      <if test="mark != null">
        #{mark,jdbcType=VARCHAR},
      </if>
      <if test="value != null">
        #{value,jdbcType=VARCHAR},
      </if>
      <if test="validstatus != null">
        #{validstatus,jdbcType=VARCHAR},
      </if>
      <if test="inserttime != null">
        #{inserttime,jdbcType=TIMESTAMP},
      </if>
      <if test="updatetime != null">
        #{updatetime,jdbcType=TIMESTAMP},
      </if>
    </trim>
  </insert>
  <update id="updateByPrimaryKeySelective" parameterType="com.picc.umapi.model.UmRoleDataauth">
    <!--
      WARNING - @mbg.generated
      This element is automatically generated by MyBatis Generator, do not modify.
    -->
    update UM_ROLE_DATAAUTH
    <set>
      <if test="ddid != null">
        DDID = #{ddid,jdbcType=VARCHAR},
      </if>
      <if test="roleid != null">
        ROLEID = #{roleid,jdbcType=VARCHAR},
      </if>
      <if test="mark != null">
        MARK = #{mark,jdbcType=VARCHAR},
      </if>
      <if test="value != null">
        VALUE = #{value,jdbcType=VARCHAR},
      </if>
      <if test="validstatus != null">
        VALIDSTATUS = #{validstatus,jdbcType=VARCHAR},
      </if>
      <if test="inserttime != null">
        INSERTTIME = #{inserttime,jdbcType=TIMESTAMP},
      </if>
      <if test="updatetime != null">
        UPDATETIME = #{updatetime,jdbcType=TIMESTAMP},
      </if>
    </set>
    where DAID = #{daid,jdbcType=VARCHAR}
  </update>
  <update id="updateByPrimaryKey" parameterType="com.picc.umapi.model.UmRoleDataauth">
    <!--
      WARNING - @mbg.generated
      This element is automatically generated by MyBatis Generator, do not modify.
    -->
    update UM_ROLE_DATAAUTH
    set DDID = #{ddid,jdbcType=VARCHAR},
      ROLEID = #{roleid,jdbcType=VARCHAR},
      MARK = #{mark,jdbcType=VARCHAR},
      VALUE = #{value,jdbcType=VARCHAR},
      VALIDSTATUS = #{validstatus,jdbcType=VARCHAR},
      INSERTTIME = #{inserttime,jdbcType=TIMESTAMP},
      UPDATETIME = #{updatetime,jdbcType=TIMESTAMP}
    where DAID = #{daid,jdbcType=VARCHAR}
  </update>
</mapper>