<?xml version="1.0" encoding="UTF-8"?>
<!DOCTYPE mapper PUBLIC "-//mybatis.org//DTD Mapper 3.0//EN" "http://mybatis.org/dtd/mybatis-3-mapper.dtd">
<mapper namespace="com.picc.umapi.mapper.base.BaseUmComMapper">
  <resultMap id="BaseResultMap" type="com.picc.umapi.model.UmCom">
    <!--
      WARNING - @mbg.generated
      This element is automatically generated by MyBatis Generator, do not modify.
    -->
    <id column="COMCODE" jdbcType="VARCHAR" property="comcode" />
    <result column="COMCNAME" jdbcType="VARCHAR" property="comcname" />
    <result column="UPCODE" jdbcType="VARCHAR" property="upcode" />
    <result column="VALIDSTATUS" jdbcType="VARCHAR" property="validstatus" />
    <result column="INSERTTIME" jdbcType="TIMESTAMP" property="inserttime" />
    <result column="UPDATETIME" jdbcType="TIMESTAMP" property="updatetime" />
  </resultMap>
  <sql id="Base_Column_List">
    <!--
      WARNING - @mbg.generated
      This element is automatically generated by MyBatis Generator, do not modify.
    -->
    COMCODE, COMCNAME, UPCODE, VALIDSTATUS, INSERTTIME, UPDATETIME
  </sql>
  <select id="selectByPrimaryKey" parameterType="java.lang.String" resultMap="BaseResultMap">
    <!--
      WARNING - @mbg.generated
      This element is automatically generated by MyBatis Generator, do not modify.
    -->
    select 
    <include refid="Base_Column_List" />
    from UM_COM
    where COMCODE = #{comcode,jdbcType=VARCHAR}
  </select>
  <insert id="insert" parameterType="com.picc.umapi.model.UmCom">
    <!--
      WARNING - @mbg.generated
      This element is automatically generated by MyBatis Generator, do not modify.
    -->
    insert into UM_COM (COMCODE, COMCNAME, UPCODE, 
      VALIDSTATUS, INSERTTIME, UPDATETIME
      )
    values (#{comcode,jdbcType=VARCHAR}, #{comcname,jdbcType=VARCHAR}, #{upcode,jdbcType=VARCHAR}, 
      #{validstatus,jdbcType=VARCHAR}, #{inserttime,jdbcType=TIMESTAMP}, #{updatetime,jdbcType=TIMESTAMP}
      )
  </insert>
  <insert id="insertSelective" parameterType="com.picc.umapi.model.UmCom">
    <!--
      WARNING - @mbg.generated
      This element is automatically generated by MyBatis Generator, do not modify.
    -->
    insert into UM_COM
    <trim prefix="(" suffix=")" suffixOverrides=",">
      <if test="comcode != null">
        COMCODE,
      </if>
      <if test="comcname != null">
        COMCNAME,
      </if>
      <if test="upcode != null">
        UPCODE,
      </if>
      <if test="validstatus != null">
        VALIDSTATUS,
      </if>
      <if test="inserttime != null">
        INSERTTIME,
      </if>
      <if test="updatetime != null">
        UPDATETIME,
      </if>
    </trim>
    <trim prefix="values (" suffix=")" suffixOverrides=",">
      <if test="comcode != null">
        #{comcode,jdbcType=VARCHAR},
      </if>
      <if test="comcname != null">
        #{comcname,jdbcType=VARCHAR},
      </if>
      <if test="upcode != null">
        #{upcode,jdbcType=VARCHAR},
      </if>
      <if test="validstatus != null">
        #{validstatus,jdbcType=VARCHAR},
      </if>
      <if test="inserttime != null">
        #{inserttime,jdbcType=TIMESTAMP},
      </if>
      <if test="updatetime != null">
        #{updatetime,jdbcType=TIMESTAMP},
      </if>
    </trim>
  </insert>
  <update id="updateByPrimaryKeySelective" parameterType="com.picc.umapi.model.UmCom">
    <!--
      WARNING - @mbg.generated
      This element is automatically generated by MyBatis Generator, do not modify.
    -->
    update UM_COM
    <set>
      <if test="comcname != null">
        COMCNAME = #{comcname,jdbcType=VARCHAR},
      </if>
      <if test="upcode != null">
        UPCODE = #{upcode,jdbcType=VARCHAR},
      </if>
      <if test="validstatus != null">
        VALIDSTATUS = #{validstatus,jdbcType=VARCHAR},
      </if>
      <if test="inserttime != null">
        INSERTTIME = #{inserttime,jdbcType=TIMESTAMP},
      </if>
      <if test="updatetime != null">
        UPDATETIME = #{updatetime,jdbcType=TIMESTAMP},
      </if>
    </set>
    where COMCODE = #{comcode,jdbcType=VARCHAR}
  </update>
  <update id="updateByPrimaryKey" parameterType="com.picc.umapi.model.UmCom">
    <!--
      WARNING - @mbg.generated
      This element is automatically generated by MyBatis Generator, do not modify.
    -->
    update UM_COM
    set COMCNAME = #{comcname,jdbcType=VARCHAR},
      UPCODE = #{upcode,jdbcType=VARCHAR},
      VALIDSTATUS = #{validstatus,jdbcType=VARCHAR},
      INSERTTIME = #{inserttime,jdbcType=TIMESTAMP},
      UPDATETIME = #{updatetime,jdbcType=TIMESTAMP}
    where COMCODE = #{comcode,jdbcType=VARCHAR}
  </update>
</mapper>