<?xml version="1.0" encoding="UTF-8"?>
<!DOCTYPE mapper PUBLIC "-//mybatis.org//DTD Mapper 3.0//EN" "http://mybatis.org/dtd/mybatis-3-mapper.dtd">
<mapper namespace="com.picc.umapi.mapper.base.BaseUmUserPermisMapper">
  <resultMap id="BaseResultMap" type="com.picc.umapi.model.UmUserPermis">
    <!--
      WARNING - @mbg.generated
      This element is automatically generated by MyBatis Generator, do not modify.
    -->
    <id column="ID" jdbcType="VARCHAR" property="id" />
    <result column="USERCODE" jdbcType="VARCHAR" property="usercode" />
    <result column="PERMISTYPE" jdbcType="VARCHAR" property="permistype" />
    <result column="PERMISCODE" jdbcType="VARCHAR" property="permiscode" />
    <result column="CREATORCODE" jdbcType="VARCHAR" property="creatorcode" />
    <result column="INSERTTIME" jdbcType="TIMESTAMP" property="inserttime" />
    <result column="OPERATORCODE" jdbcType="VARCHAR" property="operatorcode" />
    <result column="OPERATETIME" jdbcType="TIMESTAMP" property="operatetime" />
    <result column="VALIDSTATUS" jdbcType="VARCHAR" property="validstatus" />
  </resultMap>
  <sql id="Base_Column_List">
    <!--
      WARNING - @mbg.generated
      This element is automatically generated by MyBatis Generator, do not modify.
    -->
    ID, USERCODE, PERMISTYPE, PERMISCODE, CREATORCODE, INSERTTIME, OPERATORCODE, OPERATETIME, 
    VALIDSTATUS
  </sql>
  <select id="selectByPrimaryKey" parameterType="java.lang.String" resultMap="BaseResultMap">
    <!--
      WARNING - @mbg.generated
      This element is automatically generated by MyBatis Generator, do not modify.
    -->
    select 
    <include refid="Base_Column_List" />
    from UM_USERPERMIS
    where ID = #{id,jdbcType=VARCHAR}
  </select>
  <insert id="insert" parameterType="com.picc.umapi.model.UmUserPermis">
    <!--
      WARNING - @mbg.generated
      This element is automatically generated by MyBatis Generator, do not modify.
    -->
    insert into UM_USERPERMIS (ID, USERCODE, PERMISTYPE, 
      PERMISCODE, CREATORCODE, INSERTTIME, 
      OPERATORCODE, OPERATETIME, VALIDSTATUS
      )
    values (#{id,jdbcType=VARCHAR}, #{usercode,jdbcType=VARCHAR}, #{permistype,jdbcType=VARCHAR}, 
      #{permiscode,jdbcType=VARCHAR}, #{creatorcode,jdbcType=VARCHAR}, #{inserttime,jdbcType=TIMESTAMP}, 
      #{operatorcode,jdbcType=VARCHAR}, #{operatetime,jdbcType=TIMESTAMP}, #{validstatus,jdbcType=VARCHAR}
      )
  </insert>
  <insert id="insertSelective" parameterType="com.picc.umapi.model.UmUserPermis">
    <!--
      WARNING - @mbg.generated
      This element is automatically generated by MyBatis Generator, do not modify.
    -->
    insert into UM_USERPERMIS
    <trim prefix="(" suffix=")" suffixOverrides=",">
      <if test="id != null">
        ID,
      </if>
      <if test="usercode != null">
        USERCODE,
      </if>
      <if test="permistype != null">
        PERMISTYPE,
      </if>
      <if test="permiscode != null">
        PERMISCODE,
      </if>
      <if test="creatorcode != null">
        CREATORCODE,
      </if>
      <if test="inserttime != null">
        INSERTTIME,
      </if>
      <if test="operatorcode != null">
        OPERATORCODE,
      </if>
      <if test="operatetime != null">
        OPERATETIME,
      </if>
      <if test="validstatus != null">
        VALIDSTATUS,
      </if>
    </trim>
    <trim prefix="values (" suffix=")" suffixOverrides=",">
      <if test="id != null">
        #{id,jdbcType=VARCHAR},
      </if>
      <if test="usercode != null">
        #{usercode,jdbcType=VARCHAR},
      </if>
      <if test="permistype != null">
        #{permistype,jdbcType=VARCHAR},
      </if>
      <if test="permiscode != null">
        #{permiscode,jdbcType=VARCHAR},
      </if>
      <if test="creatorcode != null">
        #{creatorcode,jdbcType=VARCHAR},
      </if>
      <if test="inserttime != null">
        #{inserttime,jdbcType=TIMESTAMP},
      </if>
      <if test="operatorcode != null">
        #{operatorcode,jdbcType=VARCHAR},
      </if>
      <if test="operatetime != null">
        #{operatetime,jdbcType=TIMESTAMP},
      </if>
      <if test="validstatus != null">
        #{validstatus,jdbcType=VARCHAR},
      </if>
    </trim>
  </insert>
  <update id="updateByPrimaryKeySelective" parameterType="com.picc.umapi.model.UmUserPermis">
    <!--
      WARNING - @mbg.generated
      This element is automatically generated by MyBatis Generator, do not modify.
    -->
    update UM_USERPERMIS
    <set>
      <if test="usercode != null">
        USERCODE = #{usercode,jdbcType=VARCHAR},
      </if>
      <if test="permistype != null">
        PERMISTYPE = #{permistype,jdbcType=VARCHAR},
      </if>
      <if test="permiscode != null">
        PERMISCODE = #{permiscode,jdbcType=VARCHAR},
      </if>
      <if test="creatorcode != null">
        CREATORCODE = #{creatorcode,jdbcType=VARCHAR},
      </if>
      <if test="inserttime != null">
        INSERTTIME = #{inserttime,jdbcType=TIMESTAMP},
      </if>
      <if test="operatorcode != null">
        OPERATORCODE = #{operatorcode,jdbcType=VARCHAR},
      </if>
      <if test="operatetime != null">
        OPERATETIME = #{operatetime,jdbcType=TIMESTAMP},
      </if>
      <if test="validstatus != null">
        VALIDSTATUS = #{validstatus,jdbcType=VARCHAR},
      </if>
    </set>
    where ID = #{id,jdbcType=VARCHAR}
  </update>
  <update id="updateByPrimaryKey" parameterType="com.picc.umapi.model.UmUserPermis">
    <!--
      WARNING - @mbg.generated
      This element is automatically generated by MyBatis Generator, do not modify.
    -->
    update UM_USERPERMIS
    set USERCODE = #{usercode,jdbcType=VARCHAR},
      PERMISTYPE = #{permistype,jdbcType=VARCHAR},
      PERMISCODE = #{permiscode,jdbcType=VARCHAR},
      CREATORCODE = #{creatorcode,jdbcType=VARCHAR},
      INSERTTIME = #{inserttime,jdbcType=TIMESTAMP},
      OPERATORCODE = #{operatorcode,jdbcType=VARCHAR},
      OPERATETIME = #{operatetime,jdbcType=TIMESTAMP},
      VALIDSTATUS = #{validstatus,jdbcType=VARCHAR}
    where ID = #{id,jdbcType=VARCHAR}
  </update>
</mapper>