<?xml version="1.0" encoding="UTF-8"?>
<!DOCTYPE mapper PUBLIC "-//mybatis.org//DTD Mapper 3.0//EN" "http://mybatis.org/dtd/mybatis-3-mapper.dtd">
<mapper namespace="com.picc.umapi.mapper.UmComMapper">
	<resultMap id="BaseResultMap" type="com.picc.umapi.model.UmCom">
    <id column="comcode" jdbcType="VARCHAR" property="comcode" />
    <result column="comcname" jdbcType="VARCHAR" property="comcname" />
    <result column="upcode" jdbcType="VARCHAR" property="upcode" />
    <result column="validstatus" jdbcType="VARCHAR" property="validstatus" />
    <result column="inserttime" jdbcType="TIMESTAMP" property="inserttime" />
    <result column="updatetime" jdbcType="TIMESTAMP" property="updatetime" />
  </resultMap>
  <sql id="Base_Column_List">
    comcode, comcname, upcode, validstatus, inserttime, updatetime
  </sql>
  <select id="queryUmComPage" resultMap="BaseResultMap">
    select 
    <include refid="Base_Column_List" />
    from um_com where <![CDATA[ comcode>'44030001' and comcode < '44030099']]>  and validstatus='1'

  </select>
  
   <select id="queryUmComByCode" resultMap="BaseResultMap" parameterType="java.lang.String">
    select 
    <include refid="Base_Column_List" />
    from um_com  
    <where>
    <!-- 
    <![CDATA[ comcode>'44030001' and comcode < '44030099']]>  
     -->
    and validstatus='1'
	and comcode = #{comcode}
	</where>
  </select>
  
  <resultMap type="com.picc.umapi.req.QryComNameByKeyword" id="qryComNameByKeyMap">
  		<result property="comCode" column="COMCODE" />
		<result property="comName" column="COMCNAME" />
  </resultMap>
  
  <select id="qryComNameByKey" resultMap="qryComNameByKeyMap">
  		select
			DISTINCT COMCNAME, COMCODE
		from UM_COM 
		where VALIDSTATUS = '1'
		<if test="keyWord != null and keyWord != ''">
			and COMCODE like CONCAT(#{keyWord},'%') or COMCNAME like CONCAT(#{keyWord},'%')
		</if>
		<trim prefix=" and ( " suffix=" )">
			<foreach item="item" index="index"
				collection="list" separator="or">
				COMCODE like #{item}
			</foreach>
		</trim>
  </select>
	
</mapper>