<?xml version="1.0" encoding="UTF-8"?>
<!DOCTYPE mapper PUBLIC "-//mybatis.org//DTD Mapper 3.0//EN" "http://mybatis.org/dtd/mybatis-3-mapper.dtd">
<mapper namespace="com.picc.umapi.mapper.UmModuledictMapper">

<resultMap id="BaseResultMap" type="com.picc.umapi.model.UmModuledict">
    <id column="mdid" jdbcType="VARCHAR" property="mdid" />
    <result column="name" jdbcType="VARCHAR" property="name" />
    <result column="uri" jdbcType="VARCHAR" property="uri" />
    <result column="component" jdbcType="VARCHAR" property="component" />
    <result column="redirect" jdbcType="VARCHAR" property="redirect" />
    <result column="icon" jdbcType="VARCHAR" property="icon" />
    <result column="topid" jdbcType="VARCHAR" property="topid" />
    <result column="syscode" jdbcType="VARCHAR" property="syscode" />
    <result column="type" jdbcType="VARCHAR" property="type" />
    <result column="validstatus" jdbcType="VARCHAR" property="validstatus" />
    <result column="inserttime" jdbcType="TIMESTAMP" property="inserttime" />
    <result column="updatetime" jdbcType="TIMESTAMP" property="updatetime" />
    <result column="showtype" jdbcType="VARCHAR" property="showtype" />
  </resultMap>
  <sql id="Base_Column_List">
    mdid, name, uri, component, redirect, icon, topid, syscode, type, validstatus, inserttime, 
    updatetime, showtype
  </sql>
  
	<select id="makeRoutesMap" resultType="map">
		select a.mdid,a.name ,a.uri path,a.component ,a.redirect,a.icon,a.showtype  
		from um_moduledict a 
		where  validstatus='1' and  syscode=#{sysCode} and topid=#{topId}  
		and (  (exists (select 1 from um_moduleauth b where a.mdid=b.mdid and b.usercode=#{userCode} and b.syscode=a.sysCode) )  
		or (exists (select 1 from um_role_moduleauth b ,um_userrole c where a.mdid=b.mdid and b.roleid=c.roleid and c.usercode=#{userCode}) )  
		or  type='default') 
		order by a.INSERTTIME desc
	</select>
	
	<select id="queryUmModuledictList" parameterType="com.picc.umapi.model.UmModuledict" resultMap="BaseResultMap">
		select
		<include refid="Base_Column_List"></include>
		from um_moduledict where 1=1
		<if test="mdid != null">
			and mdid=#{ mdid }
		</if>
		<if test="name != null">
			and name=#{ name }
		</if>
		<if test="uri != null">
			and uri=#{ uri }
		</if>
		<if test="component != component">
			and mdid=#{ mdid }
		</if>
		<if test="redirect != null">
			and redirect=#{ redirect }
		</if>
		<if test="icon != null">
			and icon=#{ icon }
		</if>
		<if test="topid != null">
			and topid=#{ topid }
		</if>
		<if test="syscode != null">
			and syscode=#{ syscode }
		</if>
		<if test="topid != null">
			and validstatus=#{ validstatus }
		</if>
		<if test="refid != null and refid != ''">
			and refid=#{refid}
		</if>
	</select>
	<delete id="delUmModuledict" parameterType="com.picc.umapi.model.UmModuledict">
		delete from um_moduledict where
		<if test="mdid != null">
	        mdid = #{mdid,jdbcType=VARCHAR}
	    </if>
		<if test="topid != null">
	        topid = #{topid,jdbcType=VARCHAR}
	    </if>
		<if test="validstatus != null">
	        validstatus = #{validstatus,jdbcType=VARCHAR}
	    </if>
	</delete>
</mapper>