<?xml version="1.0" encoding="UTF-8"?>
<!DOCTYPE mapper PUBLIC "-//mybatis.org//DTD Mapper 3.0//EN" "http://mybatis.org/dtd/mybatis-3-mapper.dtd">
<mapper namespace="com.picc.umapi.mapper.UmModuleauthMapper">
	<resultMap id="BaseResultMap" type="com.picc.umapi.model.UmModuleauth">
	   <id column="maid" jdbcType="VARCHAR" property="maid" />
	   <id column="mdid" jdbcType="VARCHAR" property="mdid" />
	   <id column="usercode" jdbcType="VARCHAR" property="usercode" />
	   <result column="syscode" jdbcType="VARCHAR" property="syscode" />
	 </resultMap>
	 <sql id="Base_Column_List">
	   maid, mdid, usercode, syscode
	 </sql>
	
	<delete id="delUmModuleauth" parameterType="com.picc.umapi.model.UmModuleauth">
		delete from um_moduleauth where 1=1 
		<if test="usercode != null">
	        and usercode = #{usercode,jdbcType=VARCHAR}
	    </if>
		<if test="syscode != null">
	        and syscode = #{syscode,jdbcType=VARCHAR}
	    </if>
	</delete>
	
	<delete id="delByRoleid" parameterType="java.lang.String">
		delete from um_moduleauth
		where exists (select 1 from  um_role_moduleauth b where um_moduleauth.maid=b.maid and b.roleid=#{roleid}) 
		and usercode=#{usercode}
	</delete>
	
</mapper>