<?xml version="1.0" encoding="UTF-8"?>
<!DOCTYPE mapper PUBLIC "-//mybatis.org//DTD Mapper 3.0//EN" "http://mybatis.org/dtd/mybatis-3-mapper.dtd">
<mapper namespace="com.picc.umapi.mapper.UmRolePostMapper">
	<resultMap id="BaseResultMap" type="com.picc.umapi.model.UmRolePost">
	    <id column="ID" jdbcType="VARCHAR" property="id" />
	    <result column="TASKPOSTID" jdbcType="VARCHAR" property="taskpostid" />
	    <result column="USERCODE" jdbcType="VARCHAR" property="usercode" />
	    <result column="INSERTTIME" jdbcType="TIMESTAMP" property="inserttime" />
	</resultMap>
	
	<resultMap type="com.picc.umapi.req.QueryTaskUserListReq" id="UserListMap">
		<result property="id" column="ID" />
		<result property="userName" column="USERNAME" />
		<result property="userCode" column="USERCODE" />
		<result property="comCode" column="COMCODE" />
		<result property="comName" column="COMCNAME" />
	</resultMap>
	
	<sql id="Base_Column_List">
	    ID, TASKPOSTID, USERCODE, INSERTTIME
	</sql>
	
	<!-- 删除数据 -->
	<delete id="delete" parameterType="java.lang.String">
		delete from UM_ROLE_POST where TASKPOSTID = #{taskPostId} and USERCODE = #{userCode}
	</delete>
	
	<!-- 根据任务用户id查询数据 -->
	<select id="qryUmRolePostByTaskUserId" parameterType="java.lang.String" resultMap="BaseResultMap">
		select
		<include refid="Base_Column_List"></include>
		from UM_ROLE_POST
		where USERCODE = #{userCode} and TASKPOSTID = #{taskPostId}
	</select>
	
	<select id="qryUmRolePostByUserCode" parameterType="java.lang.String" resultMap="UserListMap">
		select 
			 r.ID, r.USERCODE, u.USERNAME, u.COMCODE, c.COMCNAME 
		from UM_ROLE_POST r
		left join UM_USER u on r.usercode = u.usercode
		left join UM_COM c on u.COMCODE = c.COMCODE
		where u.VALIDSTATUS = '1' and r.USERCODE = #{userCode}
	</select>
	
	<select id="qryTaskUserListByValue" resultMap="UserListMap">
		select
			r.ID, r.USERCODE, u.USERNAME, u.COMCODE, c.COMCNAME
		from UM_ROLE_POST r
		left join UM_USER u on r.usercode = u.usercode
		left join UM_COM c on u.COMCODE = c.COMCODE
		where u.VALIDSTATUS = '1'
		and r.TASKPOSTID = #{taskName}
		and r.USERCODE in 
		<foreach item="item" index="index" collection="list"
	     	open="(" separator="," close=")">
	        #{item}
	  	</foreach>
	  	and c.COMCNAME = #{comName}
	</select>
	
	<select id="qryTaskUserByUserCode" parameterType="java.lang.String" resultMap="UserListMap">
		select
			r.ID, r.USERCODE, u.USERNAME, u.COMCODE, c.COMCNAME
		from UM_ROLE_POST r
		left join UM_USER u on r.usercode = u.usercode
		left join UM_COM c on u.COMCODE = c.COMCODE
		where u.VALIDSTATUS = '1'
		and r.USERCODE = #{userCode}
		and r.taskpostid = #{taskPostId}
	</select>
	
	<!-- 根据环节名称查询用户编码配置 -->
	<select id="qryUserCodeList" parameterType="java.lang.String" resultType="java.lang.String">
		select
			r.USERCODE
		from UM_ROLE_POST r
		inner join UM_USER u on r.USERCODE = u.USERCODE
		where r.TASKPOSTID = #{taskName}
	</select>
	
</mapper>