<?xml version="1.0" encoding="UTF-8"?>
<!DOCTYPE mapper PUBLIC "-//mybatis.org//DTD Mapper 3.0//EN" "http://mybatis.org/dtd/mybatis-3-mapper.dtd">
<mapper namespace="com.picc.umapi.mapper.UmRoleModuleauthMapper">
  <resultMap id="BaseResultMap" type="com.picc.umapi.model.UmRoleModuleauth">
    <id column="maid" jdbcType="VARCHAR" property="maid" />
    <result column="mdid" jdbcType="VARCHAR" property="mdid" />
    <result column="roleid" jdbcType="VARCHAR" property="roleid" />
  </resultMap>
  <sql id="Base_Column_List">
    maid, mdid, roleid
  </sql>
  <select id="queryUmRoleModuleauthList" parameterType="com.picc.umapi.model.UmRoleModuleauth" resultMap="BaseResultMap">
  		select 
  		<include refid="Base_Column_List"></include>
  		from um_role_moduleauth where 1=1 
  		<if test="maid != null">
  			and maid=#{ maid}
  		</if>
  		<if test="mdid != null">
  			and mdid=#{ mdid}
  		</if>
  		<if test="roleid != null">
  			and roleid=#{ roleid}
  		</if>
  </select>
  
  <delete id="delUmModuledict" parameterType="com.picc.umapi.model.UmRoleModuleauth">
  		delete from um_Role_Moduleauth where
  		<if test="roleid != null">
  			roleid=#{roleid}
  		</if>
  		<if test="mdid != null">
  			mdid=#{mdid}
  		</if>
  </delete>
  
  <select id="haveDataManagementAuthority" parameterType="java.lang.String" resultMap="BaseResultMap">
  		select m.maid, m.mdid, m.roleid from UM_ROLE_MODULEAUTH m 
  		inner join UM_MODULEDICT b on b.mdid = m.mdid  
  		where m.roleid = #{roleid} and b.syscode = 'stfinance'
		and b.uri = '/financialAnalysis/datamanagement' and b.validstatus = '1'
  </select>
</mapper>