<?xml version="1.0" encoding="UTF-8"?>
<!DOCTYPE mapper PUBLIC "-//mybatis.org//DTD Mapper 3.0//EN" "http://mybatis.org/dtd/mybatis-3-mapper.dtd">
<mapper namespace="com.picc.umapi.mapper.UmRoleMapper">
	<resultMap id="BaseResultMap" type="com.picc.umapi.model.UmRole">
	  <id column="roleid" jdbcType="VARCHAR" property="roleid" />
	  <result column="rolename" jdbcType="VARCHAR" property="rolename" />
	  <result column="syscode" jdbcType="VARCHAR" property="syscode" />
	  <result column="remark" jdbcType="VARCHAR" property="remark" />
	  <result column="validstatus" jdbcType="VARCHAR" property="validstatus" />
	  <result column="inserttime" jdbcType="TIMESTAMP" property="inserttime" />
	  <result column="updatetime" jdbcType="TIMESTAMP" property="updatetime" />
	</resultMap>
	<sql id="Base_Column_List">
	  roleid, rolename, syscode, remark, validstatus, inserttime, updatetime
	</sql>
	<select id="queryUmRoleList" parameterType="com.picc.umapi.model.UmRole" resultMap="BaseResultMap">
		select 
	    <include refid="Base_Column_List" />
	    from um_role
	    where 1=1
	    <if test="roleid != null and roleid!=''">
        	and roleid = #{roleid,jdbcType=VARCHAR}
        </if>
	    <if test="rolename != null and rolename!=''">
        	and rolename = #{rolename,jdbcType=VARCHAR}
        </if>
	    <if test="syscode != null and syscode!=''">
        	 and syscode = #{syscode,jdbcType=VARCHAR}
        </if>
	    <if test="remark != null and remark!=''">
        	and remark = #{remark,jdbcType=VARCHAR}
        </if>
	    <if test="validstatus != null and validstatus!=''">
        	 and validstatus = #{validstatus,jdbcType=VARCHAR}
        </if>
	</select>
	
	<delete id="deleteByRole" parameterType="com.picc.umapi.model.UmRole">
		delete from um_role where 
		<if test="roleid != null">
	        roleid = #{roleid,jdbcType=VARCHAR}
	    </if>
		<if test="rolename != null">
	        rolename = #{rolename,jdbcType=VARCHAR}
	    </if>
		<if test="validstatus != null">
	        validstatus = #{validstatus,jdbcType=VARCHAR}
	    </if>
	</delete>
	
</mapper>