<?xml version="1.0" encoding="UTF-8"?>
<!DOCTYPE mapper PUBLIC "-//mybatis.org//DTD Mapper 3.0//EN" "http://mybatis.org/dtd/mybatis-3-mapper.dtd">
<mapper namespace="com.picc.umapi.mapper.UmTaskPostMapper">
	<resultMap type="com.picc.umapi.model.UmTaskPost" id="baseResultMap">
		<id column="ID" property="id" jdbcType="VARCHAR"/>
		<result column="TASKCODE" property="taskcode" jdbcType="VARCHAR"/>
		<result column="TASKNAME" property="taskname" jdbcType="VARCHAR"/>
	</resultMap>
	
	<sql id="baseSql">
		ID,TASKCODE,TASKNAME
	</sql>
	
	<!-- 查询任务岗位描述信息 -->
	<select id="qryUmTaskPostList" resultMap="baseResultMap">
		select
		<include refid="baseSql"></include>
		from UM_TASKPOST
	</select>
	
</mapper>