<?xml version="1.0" encoding="UTF-8"?>
<!DOCTYPE mapper PUBLIC "-//mybatis.org//DTD Mapper 3.0//EN" "http://mybatis.org/dtd/mybatis-3-mapper.dtd">
<mapper namespace="com.picc.umapi.mapper.UmTokenMapper">

	<sql id="Base_Column_List">
		token, usercode, username, openid, validstatus,
		expiredtime, inserttime,
		updatetime
	</sql>

	<select id="queryUmTokenPage"
		resultType="com.picc.umapi.model.UmToken"
		parameterType="com.picc.umapi.model.UmToken">
		select
		<include refid="Base_Column_List" />
		from um_token
		<trim prefix="where" suffixOverrides="and">
			<if test="token != null">
				token=#{token,jdbcType=VARCHAR} and
			</if>
			<if test="usercode != null">
				usercode=#{usercode,jdbcType=VARCHAR} and
			</if>
			<if test="username != null">
				username=#{username,jdbcType=VARCHAR} and
			</if>
			<if test="openid != null">
				openid=#{openid,jdbcType=VARCHAR} and
			</if>
			<if test="validstatus != null">
				validstatus=#{validstatus,jdbcType=VARCHAR} and
			</if>
			<if test="expiredtime != null">
				expiredtime>=#{expiredtime,jdbcType=TIMESTAMP} and
			</if>
		</trim>
	</select>

	<select id="queryUmToken"
		resultType="com.picc.umapi.model.UmToken"
		parameterType="com.picc.umapi.model.UmToken">
		select
		<include refid="Base_Column_List" />
		from um_token
		<trim prefix="where" suffixOverrides="and">
			<if test="token != null">
				token=#{token,jdbcType=VARCHAR} and
			</if>
			<if test="usercode != null">
				usercode=#{usercode,jdbcType=VARCHAR} and
			</if>
			<if test="username != null">
				username=#{username,jdbcType=VARCHAR} and
			</if>
			<if test="openid != null">
				openid=#{openid,jdbcType=VARCHAR} and
			</if>
			<if test="validstatus != null">
				validstatus=#{validstatus,jdbcType=VARCHAR} and
			</if>
			<if test="expiredtime != null">
				expiredtime>=#{expiredtime,jdbcType=TIMESTAMP} and
			</if>
		</trim>
	</select>

	<delete id="delUmToken"
		parameterType="com.picc.umapi.model.UmToken">
		delete from um_token where token =#{token}
	</delete>

	<select id="createToken" resultType="java.lang.String">
		select lower(sys_guid()) from dual
	</select>

</mapper>