<?xml version="1.0" encoding="UTF-8"?>
<!DOCTYPE mapper PUBLIC "-//mybatis.org//DTD Mapper 3.0//EN" "http://mybatis.org/dtd/mybatis-3-mapper.dtd">
<mapper namespace="com.picc.umapi.mapper.UmUserPermisMapper">
	
	<sql id="Base_Column_List">
    <!--
      WARNING - @mbg.generated
      This element is automatically generated by MyBatis Generator, do not modify.
    -->
    ID, USERCODE, PERMISTYPE, PERMISCODE, CREATORCODE, INSERTTIME, OPERATORCODE, OPERATETIME, 
    VALIDSTATUS
  </sql>
	
	<select id="qryUmUserPermisList" parameterType="java.lang.String" resultType="com.picc.umapi.model.UmUserPermis">
		select 
		<include refid="Base_Column_List"></include>
		from UM_USERPERMIS
		where validStatus = '1'
		and USERCODE = #{userCode}
	</select>
	
	
	<select id="qryUmUserPermis" parameterType="com.picc.umapi.model.UmUserPermis" resultType="com.picc.umapi.model.UmUserPermis">
		select 
		<include refid="Base_Column_List"></include>
		from UM_USERPERMIS
		where validStatus = '1'
		and usercode = #{usercode}
		<if test="permistype !=null and permistype != ''">
			and permistype = #{permistype}
		</if>
		<if test="permiscode != '' and permiscode != null">
			and permiscode = #{permiscode}
		</if> 
	</select>
	
	<select id="qryUmUserPermisByUsercodePermistype" resultType="com.picc.umapi.model.UmUserPermis">
		select 
		<include refid="Base_Column_List"></include>
		from UM_USERPERMIS
		where usercode = #{usercode} and permistype = #{permistype}
	</select>
	
	<select id="qryUmUserPermisInPermistype" resultType="com.picc.umapi.model.UmUserPermis">
		select 
			<include refid="Base_Column_List"></include>
		from UM_USERPERMIS
		where validStatus = '1'
		and usercode = #{userCode}
		and permistype in 
		<foreach item="permistype" index="index" collection="set" open="(" separator="," close=")"> 
			#{permistype}
		</foreach>
	</select>
	
	<select id="qryUmUserPermisNotInPermistype" resultType="com.picc.umapi.model.UmUserPermis">
		select 
			<include refid="Base_Column_List"></include>
		from UM_USERPERMIS
		where validStatus = '1'
		and usercode = #{userCode}
		and permistype not in 
		<foreach item="permistype" index="index" collection="set" open="(" separator="," close=")"> 
			#{permistype}
		</foreach>
	</select>
	
	<update id="setInvalidByUserCode">
		update UM_USERPERMIS set validStatus = '0' where usercode = #{userCode}
	</update>
	
	<select id="qryUmUserPermisByUserCode" resultType="com.picc.umapi.model.UmUserPermis" parameterType="com.picc.umapi.model.UmUserPermis">
		select 
		<include refid="Base_Column_List"></include>
		from UM_USERPERMIS
		where
		usercode = #{usercode}
		and permiscode = #{permiscode} and permistype = #{permistype}
	</select>
	
	<update id="updateByPermiscode" parameterType="com.picc.umapi.model.UmUserPermis">
		update UM_USERPERMIS
    <set>
      <if test="usercode != null">
        USERCODE = #{usercode,jdbcType=VARCHAR},
      </if>
      <if test="permistype != null">
        PERMISTYPE = #{permistype,jdbcType=VARCHAR},
      </if>
      <if test="permiscode != null">
        PERMISCODE = #{permiscode,jdbcType=VARCHAR},
      </if>
      <if test="creatorcode != null">
        CREATORCODE = #{creatorcode,jdbcType=VARCHAR},
      </if>
      <if test="inserttime != null">
        INSERTTIME = #{inserttime,jdbcType=TIMESTAMP},
      </if>
      <if test="operatorcode != null">
        OPERATORCODE = #{operatorcode,jdbcType=VARCHAR},
      </if>
      <if test="operatetime != null">
        OPERATETIME = #{operatetime,jdbcType=TIMESTAMP},
      </if>
      <if test="validstatus != null">
        VALIDSTATUS = #{validstatus,jdbcType=VARCHAR},
      </if>
    </set>
    where usercode = #{usercode} and PERMISCODE =#{permiscode} and permistype = #{permistype}
	</update>
</mapper>