<?xml version="1.0" encoding="UTF-8"?>
<!DOCTYPE mapper PUBLIC "-//mybatis.org//DTD Mapper 3.0//EN" "http://mybatis.org/dtd/mybatis-3-mapper.dtd">
<mapper namespace="com.picc.umapi.mapper.UmUserMapper">

	<sql id="Base_Column_List">
		userid, usercode, passwd, username, mobileno, remark,
		comcode, comname,
		authflag,
		datalevel, dataauth, validstatus,
		inserttime, updatetime, email, identifytype,
		identifynumber
	</sql>

	<select id="queryUmUserPage"
		resultType="com.picc.umapi.model.UmUser"
		parameterType="com.picc.umapi.req.QueryUmUserParam">
		select
		<include refid="Base_Column_List" />
		from um_user
		<trim prefix="where" suffixOverrides="and">
			<if test="usercode != null and usercode != ''">
				usercode=#{usercode,jdbcType=VARCHAR} and
			</if>
			<if test="username != null and username != ''">
				username like CONCAT(CONCAT('%',#{username}),'%') and
			</if>
			<if test="mobileno != null and mobileno != ''">
				mobileno=#{mobileno,jdbcType=VARCHAR} and
			</if>
			<if test="comcode != null and comcode != ''">
				comcode like CONCAT(#{comcode},'%') and
			</if>
		</trim>
	</select>

	<select id="queryUmUser"
		resultType="com.picc.umapi.model.UmUser"
		parameterType="java.lang.String">
		select
		<include refid="Base_Column_List" />
		from um_user where usercode = #{usercode}
	</select>

	<delete id="delUmUser"
		parameterType="com.picc.umapi.model.UmUser">
		delete from um_user
		<trim prefix="where" suffixOverrides="and">
			<if test="userid != null">
				userid=#{userid,jdbcType=VARCHAR} and
			</if>
			<if test="usercode != null">
				usercode=#{usercode,jdbcType=VARCHAR} and
			</if>
			<if test="validstatus != null">
				validstatus=#{validstatus,jdbcType=VARCHAR} and
			</if>
		</trim>
	</delete>
	
	<insert id="saveUmUser" parameterType="com.picc.umapi.req.SaveUmUserParam">
	  insert into um_user
    <trim prefix="(" suffix=")" suffixOverrides=",">
      <if test="userid != null">
        userid,
      </if>
      <if test="usercode != null">
        usercode,
      </if>
      <if test="passwd != null">
        passwd,
      </if>
      <if test="username != null">
        username,
      </if>
      <if test="mobileno != null">
        mobileno,
      </if>
      <if test="remark != null">
        remark,
      </if>
      <if test="comcode != null">
        comcode,
      </if>
      <if test="comname != null">
        comname,
      </if>
      <if test="authflag != null">
        authflag,
      </if>
      <if test="datalevel != null">
        datalevel,
      </if>
      <if test="dataauth != null">
        dataauth,
      </if>
      <if test="validstatus != null">
        validstatus,
      </if>
      <if test="inserttime != null">
        inserttime,
      </if>
      <if test="updatetime != null">
        updatetime,
      </if>
      <if test="email != null">
        email,
      </if>
      <if test="identifytype != null">
        identifytype,
      </if>
      <if test="identifynumber != null">
        identifynumber,
      </if>
    </trim>
    <trim prefix="values (" suffix=")" suffixOverrides=",">
      <if test="userid != null">
        #{userid},
      </if>
      <if test="usercode != null">
        #{usercode},
      </if>
      <if test="passwd != null">
        #{passwd},
      </if>
      <if test="username != null">
        #{username},
      </if>
      <if test="mobileno != null">
        #{mobileno},
      </if>
      <if test="remark != null">
        #{remark},
      </if>
      <if test="comcode != null">
        #{comcode},
      </if>
      <if test="comname != null">
        #{comname},
      </if>
      <if test="authflag != null">
        #{authflag},
      </if>
      <if test="datalevel != null">
        #{datalevel},
      </if>
      <if test="dataauth != null">
        #{dataauth},
      </if>
      <if test="validstatus != null">
        #{validstatus},
      </if>
      <if test="inserttime != null">
        #{inserttime},
      </if>
      <if test="updatetime != null">
        #{updatetime},
      </if>
      <if test="email != null">
        #{email},
      </if>
      <if test="identifytype != null">
        #{identifytype},
      </if>
      <if test="identifynumber != null">
        #{identifynumber},
      </if>
    </trim>
	</insert>
	
	<update id="updateUmUser" parameterType="com.picc.umapi.req.SaveUmUserParam">
	  update um_user
    <set>
      <if test="usercode != null">
        usercode = #{usercode,jdbcType=VARCHAR},
      </if>
      <if test="passwd != null">
        passwd = #{passwd,jdbcType=VARCHAR},
      </if>
      <if test="username != null">
        username = #{username,jdbcType=VARCHAR},
      </if>
      <if test="mobileno != null">
        mobileno = #{mobileno,jdbcType=VARCHAR},
      </if>
      <if test="remark != null">
        remark = #{remark,jdbcType=VARCHAR},
      </if>
      <if test="comcode != null">
        comcode = #{comcode,jdbcType=VARCHAR},
      </if>
      <if test="comname != null">
        comname = #{comname,jdbcType=VARCHAR},
      </if>
      <if test="authflag != null">
        authflag = #{authflag,jdbcType=VARCHAR},
      </if>
      <if test="datalevel != null">
        datalevel = #{datalevel,jdbcType=VARCHAR},
      </if>
      <if test="dataauth != null">
        dataauth = #{dataauth,jdbcType=VARCHAR},
      </if>
      <if test="validstatus != null">
        validstatus = #{validstatus,jdbcType=VARCHAR},
      </if>
      <if test="inserttime != null">
        inserttime = #{inserttime,jdbcType=TIMESTAMP},
      </if>
      <if test="updatetime != null">
        updatetime = #{updatetime,jdbcType=TIMESTAMP},
      </if>
      <if test="email != null">
        email = #{email,jdbcType=VARCHAR},
      </if>
      <if test="identifytype != null">
        identifytype = #{identifytype,jdbcType=VARCHAR},
      </if>
      <if test="identifynumber != null">
        identifynumber = #{identifynumber,jdbcType=VARCHAR},
      </if>
    </set>
    where userid = #{userid,jdbcType=VARCHAR}
	</update>
	
	<select id="qryUserByList" parameterType="java.util.List" resultType="com.picc.umapi.model.UmUser">
		select
		<include refid="Base_Column_List"></include>
		from um_user
		where usercode in 
		<foreach item="item" separator="," index="index" collection="userCodeList">
			#{item}
		</foreach>
	</select>
	
	<resultMap type="com.picc.umapi.req.QueryTaskUserListReq" id="TaskUserMap">
		<result property="id" column="id" />
		<result property="userName" column="username" />
		<result property="userCode" column="usercode" />
		<result property="comCode" column="comcode" />
		<result property="comName" column="comname" />
	</resultMap>
	
	<select id="qryUserByTaskPostId" parameterType="java.lang.String" resultMap="TaskUserMap">
		select
			r.id, r.usercode, u.username, u.comcode, 
			(case 
			when u.comcode = '44030000' then '财务会计部'  
			else u.comcode
			end)
			as comname
		from UM_ROLE_POST r 
		left join  UM_USER u on r.usercode = u.usercode
		where u.VALIDSTATUS = '1' and r.TASKPOSTID = #{taskPostId}
	</select>
	
	<select id="qryUserByCodeOrName" parameterType="java.lang.String" resultMap="TaskUserMap">
		select
			username, usercode
		from um_user
		where VALIDSTATUS = '1'  
		<if test="keyWord != null and keyWord != ''">
			and usercode like CONCAT(#{keyWord},'%') or username like CONCAT(#{keyWord},'%')
		</if>
	</select>
	
	<select id="queryUmUserByValue" parameterType="java.lang.String" resultType="com.picc.umapi.model.UmUser">
		select
		<include refid="Base_Column_List"></include>
		from um_user
		where VALIDSTATUS = '1'
		<if test="value != null and value != ''">
			and usercode like CONCAT(#{value},'%') or username like CONCAT(#{value},'%')
		</if>
	</select>
	
	<select id="qryComNameByUsreCode" parameterType="java.lang.String" resultType="java.lang.String">
		select c.comcname 
		from um_user u
		left join um_com c on u.comcode = c.comcode
		where u.VALIDSTATUS = '1' and u.usercode = #{userCode}  
	</select>
</mapper>