<?xml version="1.0" encoding="UTF-8"?>
<!DOCTYPE mapper PUBLIC "-//mybatis.org//DTD Mapper 3.0//EN" "http://mybatis.org/dtd/mybatis-3-mapper.dtd">
<mapper namespace="com.picc.umapi.mapper.UmUserRoleMapper">
  <resultMap id="BaseResultMap" type="com.picc.umapi.model.UmUserrole">
    <id column="urid" jdbcType="VARCHAR" property="urid" />
    <result column="usercode" jdbcType="VARCHAR" property="usercode" />
    <result column="userid" jdbcType="VARCHAR" property="userid" />
    <result column="roleid" jdbcType="VARCHAR" property="roleid" />
    <result column="validstatus" jdbcType="VARCHAR" property="validstatus" />
  </resultMap>
  <resultMap id="UmUserRoleVO" type="com.picc.umapi.vo.UmUserRoleVO">
    <id column="urid" jdbcType="VARCHAR" property="urid" />
    <result column="roleid" jdbcType="VARCHAR" property="roleid" />
    <result column="usercode" jdbcType="VARCHAR" property="usercode" />
    <result column="username" jdbcType="VARCHAR" property="username" />
    <result column="comcode" jdbcType="VARCHAR" property="comcode" />
    <result column="comname" jdbcType="VARCHAR" property="comname" />
    <result column="rolename" jdbcType="VARCHAR" property="rolename" />
    <result column="num" jdbcType="VARCHAR" property="num" />
  </resultMap>
  
  <sql id="Base_Column_List">
    urid, usercode, userid, roleid, validstatus
  </sql>
	<select id="queryUmRoleList" parameterType="com.picc.umapi.req.QueryUmUserParam" resultMap="UmUserRoleVO">
		SELECT a.urid,a.roleid,a.userid,a.usercode,b.username,b.comcode,b.comname,c.rolename FROM  um_userrole a , um_user b,um_role c
		where a.userid=b.userid and a.roleid=c.roleid 
		and a.validstatus='1' 
		<!-- and b.validstatus='1'  -->
		and c.validstatus='1' 
	    <if test="urid != null and urid!=''">
        	and a.urid = #{urid,jdbcType=VARCHAR}
        </if>
	    <if test="usercode != null and usercode!=''">
        	and a.usercode = #{usercode,jdbcType=VARCHAR}
        </if>
	    <if test="userid != null and userid!=''">
        	 and a.userid = #{userid,jdbcType=VARCHAR}
        </if>
	    <if test="roleid != null and roleid!=''">
        	and a.roleid = #{roleid,jdbcType=VARCHAR}
        </if>
	    <if test="validstatus != null and validstatus!=''">
        	 and c.syscode = #{syscode,jdbcType=VARCHAR}
        </if>
	</select>
	
	<select id="queryUmUserrole" parameterType="com.picc.umapi.model.UmUserrole" resultMap="BaseResultMap">
		select
	    <include refid="Base_Column_List" />
	    from um_userrole where 1=1
	    <if test="urid != null">
        	and urid = #{urid}
        </if>
	    <if test="usercode != null">
        	and usercode = #{usercode}
        </if>
	    <if test="userid != null">
        	and userid = #{userid}
        </if>
	    <if test="roleid != null">
        	 and roleid = #{roleid}
        </if>
	    <if test="validstatus != null">
        	 and validstatus = #{validstatus}
        </if>
	</select>
	
	<delete id="delUmUserrole" parameterType="com.picc.umapi.model.UmUserrole">
		delete from um_userrole where
		<if test="urid != null">
	        urid = #{urid,jdbcType=VARCHAR}
	    </if>
		<if test="usercode != null">
	        usercode = #{usercode,jdbcType=VARCHAR}
	    </if>
	</delete>
</mapper>