<?xml version="1.0" encoding="UTF-8"?>
<!DOCTYPE generatorConfiguration PUBLIC "-//mybatis.org//DTD MyBatis Generator Configuration 1.0//EN" "http://mybatis.org/dtd/mybatis-generator-config_1_0.dtd">
<generatorConfiguration>
	<properties resource="generator/jdbc.properties"/>
    <context id="context1" defaultModelType="flat">
	    <plugin type="org.mybatis.generator.plugins.SerializablePlugin"  />
	    <plugin type="org.mybatis.generator.plugins.ToStringPlugin"  />
	    <plugin type="com.picc.utils.mybatis.generator.SwaggerPlugin" />
	    <commentGenerator>
	   		<property name="suppressDate" value="true" />
	   	</commentGenerator>
	    
	    <jdbcConnection connectionURL="${default.jdbc.url}" 
	    		driverClass="${default.jdbc.driver}" 
	    		password="${default.jdbc.password}" 
	    		userId="${default.jdbc.user}">
	    	 <!-- 使Oracle支持表结构注释 -->
	    	 <property name="remarksReporting" value="true"></property>
	    </jdbcConnection>
	   	<javaTypeResolver type="com.picc.piccunicom.mybatis.CustomizedJavaTypeResolver" />
	    <javaModelGenerator targetPackage="com.picc.piccunicom.model" targetProject="src/main/java" />
	    <sqlMapGenerator targetPackage="com.picc.piccunicom.mapper.base" targetProject="src/main/resources" />
	    <javaClientGenerator targetPackage="com.picc.piccunicom.mapper.base" targetProject="src/main/java" type="XMLMAPPER" />
   
    <!-- table template -->

    <!-- 省市二级表 -->
    <table tableName="it_unicom_city" domainObjectName="Area" mapperName="AreaBaseMapper"
    	enableCountByExample="false"
    	enableDeleteByExample="false"
    	enableSelectByExample="false"
    	enableUpdateByExample="false"
    	enableDeleteByPrimaryKey="false"
    	>
    </table>
    <!-- 企业客户信息表 -->
    <table tableName="it_unicom_company_info" domainObjectName="CompanyInfo" mapperName="CompanyInfoBaseMapper"
    	enableCountByExample="false"
    	enableDeleteByExample="false"
    	enableSelectByExample="false"
    	enableUpdateByExample="false"
    	enableDeleteByPrimaryKey="false"
    	>
    </table>
    <!-- 订单状态表 -->
    <table tableName="it_unicom_order_status" domainObjectName="OrderStatus" mapperName="OrderStatusBaseMapper"
    	enableCountByExample="false"
    	enableDeleteByExample="false"
    	enableSelectByExample="false"
    	enableUpdateByExample="false"
    	enableDeleteByPrimaryKey="false"
    	>
    </table>
    <!-- 理赔记录表 -->
    <table tableName="it_unicom_claim_record" domainObjectName="ClaimRecord" mapperName="ClaimRecordBaseMapper"
    	enableCountByExample="false"
    	enableDeleteByExample="false"
    	enableSelectByExample="false"
    	enableUpdateByExample="false"
    	enableDeleteByPrimaryKey="false"
    	>
    </table>
    <!-- 理赔信息表 -->
    <table tableName="it_unicom_claim_info" domainObjectName="ClaimInfo" mapperName="ClaimInfoBaseMapper"
    	enableCountByExample="false"
    	enableDeleteByExample="false"
    	enableSelectByExample="false"
    	enableUpdateByExample="false"
    	enableDeleteByPrimaryKey="false"
    	>
    </table>
    <!-- 个人客户信息表 -->
    <table tableName="it_unicom_customer_info" domainObjectName="CustomerInfo" mapperName="CustomerInfoBaseMapper"
    	enableCountByExample="false"
    	enableDeleteByExample="false"
    	enableSelectByExample="false"
    	enableUpdateByExample="false"
    	enableDeleteByPrimaryKey="false"
    	>
    </table>

    
  </context>
</generatorConfiguration>