<?xml version="1.0" encoding="UTF-8"?>
<beans xmlns="http://www.springframework.org/schema/beans"
	xmlns:xsi="http://www.w3.org/2001/XMLSchema-instance"
	xsi:schemaLocation="http://www.springframework.org/schema/beans http://www.springframework.org/schema/beans/spring-beans.xsd">
	
	<bean id="umapiDataSource" class="com.alibaba.druid.pool.DruidDataSource" init-method="init" destroy-method="close">
		<property name="driverClassName" value="${umapi.jdbc.driver}" />
		<property name="url" value="${umapi.jdbc.url}" />
		<property name="username" value="${umapi.jdbc.user}" />
		<property name="password" value="${umapi.jdbc.password}" />

		 <!-- 配置初始化大小、最小、最大 -->
        <property name="initialSize" value="${umapi.druid.initialSize:1}"/>
        <property name="minIdle" value="${umapi.druid.minIdle:1}"/>
        <property name="maxActive" value="${umapi.druid.maxActive:100}"/>
        <!-- 配置获取连接等待超时的时间 -->
        <property name="maxWait" value="${umapi.druid.maxWait:60000}"/>
        <!-- 配置间隔多久才进行一次检测，检测需要关闭的空闲连接，单位是毫秒 -->
        <property name="timeBetweenEvictionRunsMillis" value="${umapi.druid.timeBetweenEvictionRunsMillis:60000}"/>
        <!-- 配置一个连接在池中最小生存的时间，单位是毫秒 -->
        <property name="minEvictableIdleTimeMillis" value="${umapi.druid.minEvictableIdleTimeMillis:60000}"/>
        <!-- 校验语句 -->
        <property name="validationQuery" value="${umapi.druid.validationQuery}"/>
        <property name="testWhileIdle" value="true"/>
        <property name="testOnBorrow" value="false"/>
        <property name="testOnReturn" value="false"/>
        <!-- 配置监控统计拦截的filters -->
        <property name="filters" value="stat"/>
	</bean>
	<!-- 
		分页插件 pagehelper: https://github.com/pagehelper/Mybatis-PageHelper/blob/master/README_zh.md
	 -->
	<bean id="umapiSqlSessionFactory" class="org.mybatis.spring.SqlSessionFactoryBean">
		<property name="dataSource" ref="umapiDataSource" />
		<property name="plugins">
			<array>
				<bean class="com.github.pagehelper.PageInterceptor">
					<property name="properties">
						<props>
							<prop key="reasonable">true</prop>
							<prop key="autoRuntimeDialect">true</prop>
						</props>
					</property>
				</bean>
			</array>
		</property>
		<property name="mapperLocations">
			<array>
				<value>classpath:com/picc/umapi/mapper/base/*.xml</value>
				<value>classpath:com/picc/umapi/mapper/*.xml</value>
			</array>
		</property>
	</bean>
	
	<bean id="umapiMapperScannerConfigurer" class="org.mybatis.spring.mapper.MapperScannerConfigurer">
		<property name="sqlSessionFactoryBeanName" value="umapiSqlSessionFactory" />
		<property name="basePackage" value="com.picc.umapi.mapper" />	
	</bean>

</beans>
