<?xml version="1.0" encoding="UTF-8"?>
<!DOCTYPE generatorConfiguration PUBLIC "-//mybatis.org//DTD MyBatis Generator Configuration 1.0//EN" "http://mybatis.org/dtd/mybatis-generator-config_1_0.dtd">
<generatorConfiguration>
	<properties resource="generator/jdbc.properties"/>
  	<context id="context1" defaultModelType="flat">
  		<!-- <plugin type="org.mybatis.generator.plugins.SerializablePlugin"  />
    	<plugin type="org.mybatis.generator.plugins.ToStringPlugin"  />
	    <plugin type="com.picc.utils.mybatis.generator.SwaggerPlugin" />
	    <commentGenerator>
	   		<property name="suppressDate" value="true" />
	   	</commentGenerator>
    
	    <jdbcConnection connectionURL="${umapi.jdbc.url}" driverClass="${umapi.jdbc.driver}" password="${umapi.jdbc.password}" userId="${umapi.jdbc.user}" />
	    <javaModelGenerator targetPackage="com.picc.umapi.model" targetProject="src/main/java" />
	    <sqlMapGenerator targetPackage="com.picc.umapi.mapper.base" targetProject="src/main/resources" />
	    <javaClientGenerator targetPackage="com.picc.umapi.mapper.base" targetProject="src/main/java" type="XMLMAPPER" /> -->
      <plugin type="org.mybatis.generator.plugins.SerializablePlugin"  />
	    <plugin type="org.mybatis.generator.plugins.ToStringPlugin"  />
	    <plugin type="com.picc.utils.mybatis.generator.SwaggerPlugin" />
	    <commentGenerator>
	   		<property name="suppressDate" value="true" />
	   	</commentGenerator>
	    
	    <jdbcConnection connectionURL="${umapi.jdbc.url}" 
	    		driverClass="${umapi.jdbc.driver}" 
	    		password="${umapi.jdbc.password}" 
	    		userId="${umapi.jdbc.user}">
	    	 <!-- 使Oracle支持表结构注释 -->
	    	 <property name="remarksReporting" value="true"></property>
	    </jdbcConnection>
	   	<javaTypeResolver type="com.picc.utils.mybatis.generator.MyJavaTypeResolverDefaultImpl" />
	    <javaModelGenerator targetPackage="com.picc.umapi.model" targetProject="src/main/java" />
	    <sqlMapGenerator targetPackage="com.picc.umapi.mapper.base" targetProject="src/main/resources" />
	    <javaClientGenerator targetPackage="com.picc.umapi.mapper.base" targetProject="src/main/java" type="XMLMAPPER" />
	    
	    
	    
    <!-- table template -->
    <!-- 
    <table tableName="Table" domainObjectName="Table" mapperName="BaseTableMapper" 
    	enableCountByExample="false"
    	enableDeleteByExample="false"
    	enableSelectByExample="false"
    	enableUpdateByExample="false"
    	enableDeleteByPrimaryKey="false"
    	>
    </table>
    -->
    <table tableName="um_codedict" domainObjectName="UmCodedict" mapperName="BaseUmCodedictMapper" 
    	enableCountByExample="false"
    	enableDeleteByExample="false"
    	enableSelectByExample="false"
    	enableUpdateByExample="false"
    	enableDeleteByPrimaryKey="false"
    	>
    </table>
    <table tableName="um_com" domainObjectName="UmCom" mapperName="BaseUmComMapper" 
    	enableCountByExample="false"
    	enableDeleteByExample="false"
    	enableSelectByExample="false"
    	enableUpdateByExample="false"
    	enableDeleteByPrimaryKey="false"
    	>
    </table>
    <table tableName="um_cookies" domainObjectName="UmCookies" mapperName="BaseUmCookiesMapper" 
    	enableCountByExample="false"
    	enableDeleteByExample="false"
    	enableSelectByExample="false"
    	enableUpdateByExample="false"
    	enableDeleteByPrimaryKey="false"
    	>
    </table>
    <table tableName="um_dataauth" domainObjectName="UmDataauth" mapperName="BaseUmDataauthMapper" 
    	enableCountByExample="false"
    	enableDeleteByExample="false"
    	enableSelectByExample="false"
    	enableUpdateByExample="false"
    	enableDeleteByPrimaryKey="false"
    	>
    </table>
    <table tableName="um_dataauthority" domainObjectName="UmDataauthority" mapperName="BaseUmDataauthorityMapper" 
    	enableCountByExample="false"
    	enableDeleteByExample="false"
    	enableSelectByExample="false"
    	enableUpdateByExample="false"
    	enableDeleteByPrimaryKey="false"
    	>
    </table>
    <table tableName="um_dataauthoritybak" domainObjectName="UmDataauthoritybak" mapperName="BaseUmDataauthoritybakMapper" 
    	enableCountByExample="false"
    	enableDeleteByExample="false"
    	enableSelectByExample="false"
    	enableUpdateByExample="false"
    	enableDeleteByPrimaryKey="false"
    	>
    </table>
    <table tableName="um_datadict" domainObjectName="UmDatadict" mapperName="BaseUmDatadictMapper" 
    	enableCountByExample="false"
    	enableDeleteByExample="false"
    	enableSelectByExample="false"
    	enableUpdateByExample="false"
    	enableDeleteByPrimaryKey="false"
    	>
    </table>
    <table tableName="um_moduleauth" domainObjectName="UmModuleauth" mapperName="BaseUmModuleauthMapper" 
    	enableCountByExample="false"
    	enableDeleteByExample="false"
    	enableSelectByExample="false"
    	enableUpdateByExample="false"
    	enableDeleteByPrimaryKey="false"
    	>
    </table>
    <table tableName="um_moduledict" domainObjectName="UmModuledict" mapperName="BaseUmModuledictMapper" 
    	enableCountByExample="false"
    	enableDeleteByExample="false"
    	enableSelectByExample="false"
    	enableUpdateByExample="false"
    	enableDeleteByPrimaryKey="false"
    	>
    </table>
    <table tableName="um_role" domainObjectName="UmRole" mapperName="BaseUmRoleMapper" 
    	enableCountByExample="false"
    	enableDeleteByExample="false"
    	enableSelectByExample="false"
    	enableUpdateByExample="false"
    	enableDeleteByPrimaryKey="false"
    	>
    </table>
    <table tableName="um_role_dataauth" domainObjectName="UmRoleDataauth" mapperName="BaseUmRoleDataauthMapper" 
    	enableCountByExample="false"
    	enableDeleteByExample="false"
    	enableSelectByExample="false"
    	enableUpdateByExample="false"
    	enableDeleteByPrimaryKey="false"
    	>
    </table>
    <table tableName="um_role_moduleauth" domainObjectName="UmRoleModuleauth" mapperName="BaseUmRoleModuleauthMapper" 
    	enableCountByExample="false"
    	enableDeleteByExample="false"
    	enableSelectByExample="false"
    	enableUpdateByExample="false"
    	enableDeleteByPrimaryKey="false"
    	>
    </table>
    <table tableName="um_token" domainObjectName="UmToken" mapperName="BaseUmTokenMapper" 
    	enableCountByExample="false"
    	enableDeleteByExample="false"
    	enableSelectByExample="false"
    	enableUpdateByExample="false"
    	enableDeleteByPrimaryKey="false"
    	>
    </table>
    <table tableName="um_user" domainObjectName="UmUser" mapperName="BaseUmUserMapper" 
    	enableCountByExample="false"
    	enableDeleteByExample="false"
    	enableSelectByExample="false"
    	enableUpdateByExample="false"
    	enableDeleteByPrimaryKey="false"
    	>
    </table>
    <table tableName="um_userbak" domainObjectName="UmUserbak" mapperName="BaseUmUserbakMapper" 
    	enableCountByExample="false"
    	enableDeleteByExample="false"
    	enableSelectByExample="false"
    	enableUpdateByExample="false"
    	enableDeleteByPrimaryKey="false"
    	>
    </table>
    <table tableName="um_userrole" domainObjectName="UmUserrole" mapperName="BaseUmUserroleMapper" 
    	enableCountByExample="false"
    	enableDeleteByExample="false"
    	enableSelectByExample="false"
    	enableUpdateByExample="false"
    	enableDeleteByPrimaryKey="false"
    	>
    </table>
     <table tableName="UM_USERPERMIS" domainObjectName="UmUserPermis" mapperName="BaseUmUserPermisMapper" 
    	enableCountByExample="false"
    	enableDeleteByExample="false"
    	enableSelectByExample="false"
    	enableUpdateByExample="false"
    	enableDeleteByPrimaryKey="false"
    	>
    </table>
    <table tableName="UM_TASKPOST" domainObjectName="UmTaskPost" mapperName="BaseUmTaskPostMapper" 
    	enableCountByExample="false"
    	enableDeleteByExample="false"
    	enableSelectByExample="false"
    	enableUpdateByExample="false"
    	enableDeleteByPrimaryKey="false"
    	>
    </table>
    <table tableName="UM_ROLE_POST" domainObjectName="UmRolePost" mapperName="BaseUmRolePostMapper" 
    	enableCountByExample="false"
    	enableDeleteByExample="false"
    	enableSelectByExample="false"
    	enableUpdateByExample="false"
    	enableDeleteByPrimaryKey="false"
    	>
    	<generatedKey  type="pre"  column="id" sqlStatement="select lower(sys_guid()) from dual" />
    </table>
  </context>
</generatorConfiguration>